sample_id,form_type,condition,page,field_name,value_source,pipeline,entity_type,expected,predicted,outcome,expected_action,predicted_action,action_correct,confidence,needs_review,bbox_containment,detection_methods,ocr_text,ocr_confidence,latency_seconds,coordinate_source
FDA_1572_NCT04796896,FDA_1572,clean,1,db_invest_name,controlled_synthetic_test_value,regex_only,PERSON,True,True,TP,redact,redact,True,0.9594137566666668,False,1.0,regex;ocr_coordinates,"Omar Rahman, MD",0.9594137566666668,2.6380000008430216e-05,template_field_rect_from_day6_ocr
FDA_1572_NCT04796896,FDA_1572,clean,1,db_invest_name,controlled_synthetic_test_value,hybrid_policy,PERSON,True,True,TP,redact,redact,True,0.987824127,False,1.0,field_semantics;spacy_entity_ruler;ocr_coordinates,"Omar Rahman, MD",0.9594137566666668,1.2780680490000123,template_field_rect_from_day6_ocr
FDA_1572_NCT04796896,FDA_1572,clean,1,db_inv_address1,controlled_synthetic_test_value,regex_only,ADDRESS,True,False,FN,redact,,False,0.0,False,0.0,,725 Research Boulevard,0.9626569366666666,1.608399998076493e-05,template_field_rect_from_day6_ocr
FDA_1572_NCT04796896,FDA_1572,clean,1,db_inv_address1,controlled_synthetic_test_value,regex_only,PERSON,False,True,FP,,redact,False,0.9626569366666666,False,1.0,regex;ocr_coordinates,725 Research Boulevard,0.9626569366666666,1.608399998076493e-05,template_field_rect_from_day6_ocr
FDA_1572_NCT04796896,FDA_1572,clean,1,db_inv_address1,controlled_synthetic_test_value,hybrid_policy,ADDRESS,True,True,TP,redact,redact,True,0.9895439422666666,False,1.0,field_semantics;ocr_coordinates,725 Research Boulevard,0.9626569366666666,1.1026000038327766e-05,template_field_rect_from_day6_ocr
FDA_1572_NCT04796896,FDA_1572,clean,1,db_inv_zip,controlled_synthetic_test_value,regex_only,ADDRESS,True,True,TP,redact,redact,True,0.9637146,False,1.0,regex;ocr_coordinates,02145,0.9637146,8.17199997982243e-06,template_field_rect_from_day6_ocr
FDA_1572_NCT04796896,FDA_1572,clean,1,db_inv_zip,controlled_synthetic_test_value,hybrid_policy,ADDRESS,True,True,TP,redact,redact,True,0.989840088,False,1.0,field_semantics;ocr_coordinates;regex,02145,0.9637146,1.0174999943046714e-05,template_field_rect_from_day6_ocr
FDA_1572_NCT04796896,FDA_1572,clean,1,db_loc_name,controlled_synthetic_test_value,regex_only,PERSON,False,True,FP,,redact,False,0.8013338760000001,False,1.0,regex;ocr_coordinates,Pediatric Vaccine Research Unit .,0.8013338760000001,9.123000040744955e-06,template_field_rect_from_day6_ocr
FDA_1572_NCT04796896,FDA_1572,clean,1,db_loc_name,controlled_synthetic_test_value,regex_only,SENSITIVE_FACILITY,True,False,FN,review,,False,0.0,False,0.0,,Pediatric Vaccine Research Unit .,0.8013338760000001,9.123000040744955e-06,template_field_rect_from_day6_ocr
FDA_1572_NCT04796896,FDA_1572,clean,1,db_loc_name,controlled_synthetic_test_value,hybrid_policy,SENSITIVE_FACILITY,True,True,TP,review,review,True,0.94437348528,False,1.0,field_semantics;ocr_coordinates,Pediatric Vaccine Research Unit .,0.8013338760000001,7.0209999876169604e-06,template_field_rect_from_day6_ocr
FDA_1572_NCT04796896,FDA_1572,clean,1,db_lab_name,controlled_synthetic_test_value,regex_only,PERSON,False,True,FP,,redact,False,0.9645321133333331,False,1.0,regex;ocr_coordinates,Northeast Bioanalytical Laboratory,0.9645321133333331,8.733000072425057e-06,template_field_rect_from_day6_ocr
FDA_1572_NCT04796896,FDA_1572,clean,1,db_lab_name,controlled_synthetic_test_value,regex_only,SENSITIVE_FACILITY,True,False,FN,review,,False,0.0,False,0.0,,Northeast Bioanalytical Laboratory,0.9645321133333331,8.733000072425057e-06,template_field_rect_from_day6_ocr
FDA_1572_NCT04796896,FDA_1572,clean,1,db_lab_name,controlled_synthetic_test_value,hybrid_policy,SENSITIVE_FACILITY,True,True,TP,review,review,True,0.99,False,1.0,field_semantics;ocr_coordinates,Northeast Bioanalytical Laboratory,0.9645321133333331,5.579000003308465e-06,template_field_rect_from_day6_ocr
FDA_1572_NCT04796896,FDA_1572,clean,1,db_irb_name,controlled_synthetic_test_value,regex_only,PERSON,False,True,FP,,redact,False,0.9542138875,False,1.0,regex;ocr_coordinates,Regional Human Research Board,0.9542138875,7.42099996386969e-06,template_field_rect_from_day6_ocr
FDA_1572_NCT04796896,FDA_1572,clean,1,db_irb_name,controlled_synthetic_test_value,regex_only,SENSITIVE_FACILITY,True,False,FN,review,,False,0.0,False,0.0,,Regional Human Research Board,0.9542138875,7.42099996386969e-06,template_field_rect_from_day6_ocr
FDA_1572_NCT04796896,FDA_1572,clean,1,db_irb_name,controlled_synthetic_test_value,hybrid_policy,SENSITIVE_FACILITY,True,True,TP,review,review,True,0.9871798885,False,1.0,field_semantics;ocr_coordinates,Regional Human Research Board,0.9542138875,5.168000029698305e-06,template_field_rect_from_day6_ocr
FDA_1572_NCT04796896,FDA_1572,clean,1,db_sub_inv_names,controlled_synthetic_test_value,regex_only,PERSON,True,True,TP,redact,redact,True,0.964262315,False,1.0,regex;ocr_coordinates,"Sophia Kim, MD; Lucas Martin, MD",0.964262315,1.1777999930018268e-05,template_field_rect_from_day6_ocr
FDA_1572_NCT04796896,FDA_1572,clean,1,db_sub_inv_names,controlled_synthetic_test_value,hybrid_policy,PERSON,True,True,TP,redact,redact,True,0.9892786944999999,False,1.0,field_semantics;spacy_entity_ruler;ocr_coordinates,"Sophia Kim, MD; Lucas Martin, MD",0.964262315,0.00022158000001581968,template_field_rect_from_day6_ocr
FDA_1572_NCT04796896,FDA_1572,clean,1,db_prot_name_code,derived_from_actual_public_protocol_metadata,regex_only,CCI_PROTOCOL_ID,True,True,TP,redact,redact,True,0.9421629505,False,1.0,regex;ocr_coordinates,"mRNA-1273-P204 - A Phase 2/3, Three-Part, Open-Label, Dose-Escalation, Age De-escalation and Randomized, Observer-Blind, Placebo-Controlled Expansion Study to Evaluate the
Safety, Tolerability, Reactogenicity, and Effectiveness of mRNA-1273 SARS-CoV-2 Vaccine in Healthy Children 6 Months to Less Than 12 Years of Age",0.9421629505,5.705500007024966e-05,template_field_rect_from_day6_ocr
FDA_1572_NCT04796896,FDA_1572,clean,1,db_prot_name_code,derived_from_actual_public_protocol_metadata,regex_only,CCI_STUDY_TITLE,True,False,FN,review,,False,0.0,False,0.0,,"mRNA-1273-P204 - A Phase 2/3, Three-Part, Open-Label, Dose-Escalation, Age De-escalation and Randomized, Observer-Blind, Placebo-Controlled Expansion Study to Evaluate the
Safety, Tolerability, Reactogenicity, and Effectiveness of mRNA-1273 SARS-CoV-2 Vaccine in Healthy Children 6 Months to Less Than 12 Years of Age",0.9421629505,5.705500007024966e-05,template_field_rect_from_day6_ocr
FDA_1572_NCT04796896,FDA_1572,clean,1,db_prot_name_code,derived_from_actual_public_protocol_metadata,regex_only,PERSON,False,True,FP,,redact,False,0.9421629505,False,1.0,regex;ocr_coordinates,"mRNA-1273-P204 - A Phase 2/3, Three-Part, Open-Label, Dose-Escalation, Age De-escalation and Randomized, Observer-Blind, Placebo-Controlled Expansion Study to Evaluate the
Safety, Tolerability, Reactogenicity, and Effectiveness of mRNA-1273 SARS-CoV-2 Vaccine in Healthy Children 6 Months to Less Than 12 Years of Age",0.9421629505,5.705500007024966e-05,template_field_rect_from_day6_ocr
FDA_1572_NCT04796896,FDA_1572,clean,1,db_prot_name_code,derived_from_actual_public_protocol_metadata,hybrid_policy,CCI_PROTOCOL_ID,True,True,TP,redact,redact,True,0.98611910812,False,1.0,regex;ocr_coordinates,"mRNA-1273-P204 - A Phase 2/3, Three-Part, Open-Label, Dose-Escalation, Age De-escalation and Randomized, Observer-Blind, Placebo-Controlled Expansion Study to Evaluate the
Safety, Tolerability, Reactogenicity, and Effectiveness of mRNA-1273 SARS-CoV-2 Vaccine in Healthy Children 6 Months to Less Than 12 Years of Age",0.9421629505,1.921800003401586e-05,template_field_rect_from_day6_ocr
FDA_1572_NCT04796896,FDA_1572,clean,1,db_prot_name_code,derived_from_actual_public_protocol_metadata,hybrid_policy,CCI_STUDY_TITLE,True,True,TP,review,review,True,0.98380562614,False,1.0,field_semantics;ocr_coordinates,"mRNA-1273-P204 - A Phase 2/3, Three-Part, Open-Label, Dose-Escalation, Age De-escalation and Randomized, Observer-Blind, Placebo-Controlled Expansion Study to Evaluate the
Safety, Tolerability, Reactogenicity, and Effectiveness of mRNA-1273 SARS-CoV-2 Vaccine in Healthy Children 6 Months to Less Than 12 Years of Age",0.9421629505,1.921800003401586e-05,template_field_rect_from_day6_ocr
FDA_1572_NCT04796896,FDA_1572,rotation_1_5deg,1,db_invest_name,controlled_synthetic_test_value,regex_only,PERSON,True,True,TP,redact,redact,True,0.9625614166666666,False,1.0,regex;ocr_coordinates,"Omar Rahman, MD",0.9625614166666666,7.552000056421093e-06,template_field_rect_from_day6_ocr
FDA_1572_NCT04796896,FDA_1572,rotation_1_5deg,1,db_invest_name,controlled_synthetic_test_value,hybrid_policy,PERSON,True,True,TP,redact,redact,True,0.988768425,False,1.0,field_semantics;spacy_entity_ruler;ocr_coordinates,"Omar Rahman, MD",0.9625614166666666,7.41610000432047e-05,template_field_rect_from_day6_ocr
FDA_1572_NCT04796896,FDA_1572,rotation_1_5deg,1,db_inv_address1,controlled_synthetic_test_value,regex_only,ADDRESS,True,False,FN,redact,,False,0.0,False,0.0,,725 Research Boulevard,0.9640170033333334,8.643000001029577e-06,template_field_rect_from_day6_ocr
FDA_1572_NCT04796896,FDA_1572,rotation_1_5deg,1,db_inv_address1,controlled_synthetic_test_value,regex_only,PERSON,False,True,FP,,redact,False,0.9640170033333334,False,1.0,regex;ocr_coordinates,725 Research Boulevard,0.9640170033333334,8.643000001029577e-06,template_field_rect_from_day6_ocr
FDA_1572_NCT04796896,FDA_1572,rotation_1_5deg,1,db_inv_address1,controlled_synthetic_test_value,hybrid_policy,ADDRESS,True,True,TP,redact,redact,True,0.9899247609333334,False,1.0,field_semantics;ocr_coordinates,725 Research Boulevard,0.9640170033333334,5.939000061516708e-06,template_field_rect_from_day6_ocr
FDA_1572_NCT04796896,FDA_1572,rotation_1_5deg,1,db_inv_zip,controlled_synthetic_test_value,regex_only,ADDRESS,True,True,TP,redact,redact,True,0.9586727899999999,False,1.0,regex;ocr_coordinates,02145,0.9586727899999999,5.688999976882769e-06,template_field_rect_from_day6_ocr
FDA_1572_NCT04796896,FDA_1572,rotation_1_5deg,1,db_inv_zip,controlled_synthetic_test_value,hybrid_policy,ADDRESS,True,True,TP,redact,redact,True,0.9884283812,False,1.0,field_semantics;ocr_coordinates;regex,02145,0.9586727899999999,7.751999987704039e-06,template_field_rect_from_day6_ocr
FDA_1572_NCT04796896,FDA_1572,rotation_1_5deg,1,db_loc_name,controlled_synthetic_test_value,regex_only,PERSON,False,True,FP,,redact,False,0.784866074,False,1.0,regex;ocr_coordinates,Pediatric Vaccine Research Unit .,0.784866074,7.4910000193995074e-06,template_field_rect_from_day6_ocr
FDA_1572_NCT04796896,FDA_1572,rotation_1_5deg,1,db_loc_name,controlled_synthetic_test_value,regex_only,SENSITIVE_FACILITY,True,False,FN,review,,False,0.0,False,0.0,,Pediatric Vaccine Research Unit .,0.784866074,7.4910000193995074e-06,template_field_rect_from_day6_ocr
FDA_1572_NCT04796896,FDA_1572,rotation_1_5deg,1,db_loc_name,controlled_synthetic_test_value,hybrid_policy,SENSITIVE_FACILITY,True,True,TP,review,review,True,0.93976250072,False,1.0,field_semantics;ocr_coordinates,Pediatric Vaccine Research Unit .,0.784866074,4.837000005863956e-06,template_field_rect_from_day6_ocr
FDA_1572_NCT04796896,FDA_1572,rotation_1_5deg,1,db_lab_name,controlled_synthetic_test_value,regex_only,PERSON,False,True,FP,,redact,False,0.9623381266666668,False,1.0,regex;ocr_coordinates,Northeast Bioanalytical Laboratory,0.9623381266666668,6.890999998176994e-06,template_field_rect_from_day6_ocr
FDA_1572_NCT04796896,FDA_1572,rotation_1_5deg,1,db_lab_name,controlled_synthetic_test_value,regex_only,SENSITIVE_FACILITY,True,False,FN,review,,False,0.0,False,0.0,,Northeast Bioanalytical Laboratory,0.9623381266666668,6.890999998176994e-06,template_field_rect_from_day6_ocr
FDA_1572_NCT04796896,FDA_1572,rotation_1_5deg,1,db_lab_name,controlled_synthetic_test_value,hybrid_policy,SENSITIVE_FACILITY,True,True,TP,review,review,True,0.9894546754666667,False,1.0,field_semantics;ocr_coordinates,Northeast Bioanalytical Laboratory,0.9623381266666668,4.3259999529254856e-06,template_field_rect_from_day6_ocr
FDA_1572_NCT04796896,FDA_1572,rotation_1_5deg,1,db_irb_name,controlled_synthetic_test_value,regex_only,PERSON,False,True,FP,,redact,False,0.9631986225,False,1.0,regex;ocr_coordinates,Regional Human Research Board,0.9631986225,6.569999982275476e-06,template_field_rect_from_day6_ocr
FDA_1572_NCT04796896,FDA_1572,rotation_1_5deg,1,db_irb_name,controlled_synthetic_test_value,regex_only,SENSITIVE_FACILITY,True,False,FN,review,,False,0.0,False,0.0,,Regional Human Research Board,0.9631986225,6.569999982275476e-06,template_field_rect_from_day6_ocr
FDA_1572_NCT04796896,FDA_1572,rotation_1_5deg,1,db_irb_name,controlled_synthetic_test_value,hybrid_policy,SENSITIVE_FACILITY,True,True,TP,review,review,True,0.9896956143,False,1.0,field_semantics;ocr_coordinates,Regional Human Research Board,0.9631986225,4.4270000216783956e-06,template_field_rect_from_day6_ocr
FDA_1572_NCT04796896,FDA_1572,rotation_1_5deg,1,db_sub_inv_names,controlled_synthetic_test_value,regex_only,PERSON,True,True,TP,redact,redact,True,0.9628642399999999,False,1.0,regex;ocr_coordinates,"Sophia Kim, MD; Lucas Martin, MD",0.9628642399999999,1.155699999344506e-05,template_field_rect_from_day6_ocr
FDA_1572_NCT04796896,FDA_1572,rotation_1_5deg,1,db_sub_inv_names,controlled_synthetic_test_value,hybrid_policy,PERSON,True,True,TP,redact,redact,True,0.9888592719999999,False,1.0,field_semantics;spacy_entity_ruler;ocr_coordinates,"Sophia Kim, MD; Lucas Martin, MD",0.9628642399999999,8.608799998910399e-05,template_field_rect_from_day6_ocr
FDA_1572_NCT04796896,FDA_1572,rotation_1_5deg,1,db_prot_name_code,derived_from_actual_public_protocol_metadata,regex_only,CCI_PROTOCOL_ID,True,True,TP,redact,redact,True,0.93300782625,False,1.0,regex;ocr_coordinates,"mRNA-1273-P204 - A Phase 2/3, Three-Part, Open-Label, Dose-Escalation, Age De-escalation and Randomized, Observer-Blind, Placebo-Controlled Expansion Study to Evaluate the
Safety, Tolerability, Reactogenicity, and Effectiveness of mRNA-1273 SARS-CoV-2 Vaccine in Healthy Children 6 Months to Less Than 12 Years of Age",0.93300782625,5.266899995604035e-05,template_field_rect_from_day6_ocr
FDA_1572_NCT04796896,FDA_1572,rotation_1_5deg,1,db_prot_name_code,derived_from_actual_public_protocol_metadata,regex_only,CCI_STUDY_TITLE,True,False,FN,review,,False,0.0,False,0.0,,"mRNA-1273-P204 - A Phase 2/3, Three-Part, Open-Label, Dose-Escalation, Age De-escalation and Randomized, Observer-Blind, Placebo-Controlled Expansion Study to Evaluate the
Safety, Tolerability, Reactogenicity, and Effectiveness of mRNA-1273 SARS-CoV-2 Vaccine in Healthy Children 6 Months to Less Than 12 Years of Age",0.93300782625,5.266899995604035e-05,template_field_rect_from_day6_ocr
FDA_1572_NCT04796896,FDA_1572,rotation_1_5deg,1,db_prot_name_code,derived_from_actual_public_protocol_metadata,regex_only,PERSON,False,True,FP,,redact,False,0.93300782625,False,1.0,regex;ocr_coordinates,"mRNA-1273-P204 - A Phase 2/3, Three-Part, Open-Label, Dose-Escalation, Age De-escalation and Randomized, Observer-Blind, Placebo-Controlled Expansion Study to Evaluate the
Safety, Tolerability, Reactogenicity, and Effectiveness of mRNA-1273 SARS-CoV-2 Vaccine in Healthy Children 6 Months to Less Than 12 Years of Age",0.93300782625,5.266899995604035e-05,template_field_rect_from_day6_ocr
FDA_1572_NCT04796896,FDA_1572,rotation_1_5deg,1,db_prot_name_code,derived_from_actual_public_protocol_metadata,hybrid_policy,CCI_PROTOCOL_ID,True,True,TP,redact,redact,True,0.9839218783,False,1.0,regex;ocr_coordinates,"mRNA-1273-P204 - A Phase 2/3, Three-Part, Open-Label, Dose-Escalation, Age De-escalation and Randomized, Observer-Blind, Placebo-Controlled Expansion Study to Evaluate the
Safety, Tolerability, Reactogenicity, and Effectiveness of mRNA-1273 SARS-CoV-2 Vaccine in Healthy Children 6 Months to Less Than 12 Years of Age",0.93300782625,1.749600005496177e-05,template_field_rect_from_day6_ocr
FDA_1572_NCT04796896,FDA_1572,rotation_1_5deg,1,db_prot_name_code,derived_from_actual_public_protocol_metadata,hybrid_policy,CCI_STUDY_TITLE,True,True,TP,review,review,True,0.98124219135,False,1.0,field_semantics;ocr_coordinates,"mRNA-1273-P204 - A Phase 2/3, Three-Part, Open-Label, Dose-Escalation, Age De-escalation and Randomized, Observer-Blind, Placebo-Controlled Expansion Study to Evaluate the
Safety, Tolerability, Reactogenicity, and Effectiveness of mRNA-1273 SARS-CoV-2 Vaccine in Healthy Children 6 Months to Less Than 12 Years of Age",0.93300782625,1.749600005496177e-05,template_field_rect_from_day6_ocr
FDA_1572_NCT04796896,FDA_1572,gaussian_blur,1,db_invest_name,controlled_synthetic_test_value,regex_only,PERSON,True,True,TP,redact,redact,True,0.9577742733333332,False,1.0,regex;ocr_coordinates,"Omar Rahman, MD",0.9577742733333332,7.099999947968172e-06,template_field_rect_from_day6_ocr
FDA_1572_NCT04796896,FDA_1572,gaussian_blur,1,db_invest_name,controlled_synthetic_test_value,hybrid_policy,PERSON,True,True,TP,redact,redact,True,0.9873322819999999,False,1.0,field_semantics;spacy_entity_ruler;ocr_coordinates,"Omar Rahman, MD",0.9577742733333332,6.457599999976082e-05,template_field_rect_from_day6_ocr
FDA_1572_NCT04796896,FDA_1572,gaussian_blur,1,db_inv_address1,controlled_synthetic_test_value,regex_only,ADDRESS,True,False,FN,redact,,False,0.0,False,0.0,,725 Research Boulevard,0.9647514333333334,8.181999987755262e-06,template_field_rect_from_day6_ocr
FDA_1572_NCT04796896,FDA_1572,gaussian_blur,1,db_inv_address1,controlled_synthetic_test_value,regex_only,PERSON,False,True,FP,,redact,False,0.9647514333333334,False,1.0,regex;ocr_coordinates,725 Research Boulevard,0.9647514333333334,8.181999987755262e-06,template_field_rect_from_day6_ocr
FDA_1572_NCT04796896,FDA_1572,gaussian_blur,1,db_inv_address1,controlled_synthetic_test_value,hybrid_policy,ADDRESS,True,True,TP,redact,redact,True,0.99,False,1.0,field_semantics;ocr_coordinates,725 Research Boulevard,0.9647514333333334,5.026999929214071e-06,template_field_rect_from_day6_ocr
FDA_1572_NCT04796896,FDA_1572,gaussian_blur,1,db_inv_zip,controlled_synthetic_test_value,regex_only,ADDRESS,True,True,TP,redact,redact,True,0.9625608099999999,False,1.0,regex;ocr_coordinates,02145,0.9625608099999999,5.018000024392677e-06,template_field_rect_from_day6_ocr
FDA_1572_NCT04796896,FDA_1572,gaussian_blur,1,db_inv_zip,controlled_synthetic_test_value,hybrid_policy,ADDRESS,True,True,TP,redact,redact,True,0.9895170268,False,1.0,field_semantics;ocr_coordinates;regex,02145,0.9625608099999999,5.958999963695533e-06,template_field_rect_from_day6_ocr
FDA_1572_NCT04796896,FDA_1572,gaussian_blur,1,db_loc_name,controlled_synthetic_test_value,regex_only,PERSON,False,True,FP,,redact,False,0.787863174,False,1.0,regex;ocr_coordinates,Pediatric Vaccine Research Unit .,0.787863174,7.0499999083040166e-06,template_field_rect_from_day6_ocr
FDA_1572_NCT04796896,FDA_1572,gaussian_blur,1,db_loc_name,controlled_synthetic_test_value,regex_only,SENSITIVE_FACILITY,True,False,FN,review,,False,0.0,False,0.0,,Pediatric Vaccine Research Unit .,0.787863174,7.0499999083040166e-06,template_field_rect_from_day6_ocr
FDA_1572_NCT04796896,FDA_1572,gaussian_blur,1,db_loc_name,controlled_synthetic_test_value,hybrid_policy,SENSITIVE_FACILITY,True,True,TP,review,review,True,0.94060168872,False,1.0,field_semantics;ocr_coordinates,Pediatric Vaccine Research Unit .,0.787863174,4.506999971454206e-06,template_field_rect_from_day6_ocr
FDA_1572_NCT04796896,FDA_1572,gaussian_blur,1,db_lab_name,controlled_synthetic_test_value,regex_only,PERSON,False,True,FP,,redact,False,0.9617110933333332,False,1.0,regex;ocr_coordinates,Northeast Bioanalytical Laboratory,0.9617110933333332,6.640000037805294e-06,template_field_rect_from_day6_ocr
FDA_1572_NCT04796896,FDA_1572,gaussian_blur,1,db_lab_name,controlled_synthetic_test_value,regex_only,SENSITIVE_FACILITY,True,False,FN,review,,False,0.0,False,0.0,,Northeast Bioanalytical Laboratory,0.9617110933333332,6.640000037805294e-06,template_field_rect_from_day6_ocr
FDA_1572_NCT04796896,FDA_1572,gaussian_blur,1,db_lab_name,controlled_synthetic_test_value,hybrid_policy,SENSITIVE_FACILITY,True,True,TP,review,review,True,0.9892791061333333,False,1.0,field_semantics;ocr_coordinates,Northeast Bioanalytical Laboratory,0.9617110933333332,4.156000045441033e-06,template_field_rect_from_day6_ocr
FDA_1572_NCT04796896,FDA_1572,gaussian_blur,1,db_irb_name,controlled_synthetic_test_value,regex_only,PERSON,False,True,FP,,redact,False,0.9629936600000001,False,1.0,regex;ocr_coordinates,Regional Human Research Board,0.9629936600000001,6.379999945238524e-06,template_field_rect_from_day6_ocr
FDA_1572_NCT04796896,FDA_1572,gaussian_blur,1,db_irb_name,controlled_synthetic_test_value,regex_only,SENSITIVE_FACILITY,True,False,FN,review,,False,0.0,False,0.0,,Regional Human Research Board,0.9629936600000001,6.379999945238524e-06,template_field_rect_from_day6_ocr
FDA_1572_NCT04796896,FDA_1572,gaussian_blur,1,db_irb_name,controlled_synthetic_test_value,hybrid_policy,SENSITIVE_FACILITY,True,True,TP,review,review,True,0.9896382248,False,1.0,field_semantics;ocr_coordinates,Regional Human Research Board,0.9629936600000001,3.976000016336911e-06,template_field_rect_from_day6_ocr
FDA_1572_NCT04796896,FDA_1572,gaussian_blur,1,db_sub_inv_names,controlled_synthetic_test_value,regex_only,PERSON,True,True,TP,redact,redact,True,0.9655352400000002,False,1.0,regex;ocr_coordinates,"Sophia Kim, MD; Lucas Martin, MD",0.9655352400000002,1.097599999866361e-05,template_field_rect_from_day6_ocr
FDA_1572_NCT04796896,FDA_1572,gaussian_blur,1,db_sub_inv_names,controlled_synthetic_test_value,hybrid_policy,PERSON,True,True,TP,redact,redact,True,0.989660572,False,1.0,field_semantics;spacy_entity_ruler;ocr_coordinates,"Sophia Kim, MD; Lucas Martin, MD",0.9655352400000002,8.079999997789855e-05,template_field_rect_from_day6_ocr
FDA_1572_NCT04796896,FDA_1572,gaussian_blur,1,db_prot_name_code,derived_from_actual_public_protocol_metadata,regex_only,CCI_PROTOCOL_ID,True,True,TP,redact,redact,True,0.947757673,False,1.0,regex;ocr_coordinates,"mRNA-1273-P204 - A Phase 2/3, Three-Part, Open-Label, Dose-Escalation, Age De-escalation and Randomized, Observer-Blind, Placebo-Controlled Expansion Study to Evaluate the
Safety, Tolerability, Reactogenicity, and Effectiveness of mRNA-1273 SARS-CoV-2 Vaccine in Healthy Children 6 Months to Less Than 12 Years of Age",0.947757673,5.066599999281607e-05,template_field_rect_from_day6_ocr
FDA_1572_NCT04796896,FDA_1572,gaussian_blur,1,db_prot_name_code,derived_from_actual_public_protocol_metadata,regex_only,CCI_STUDY_TITLE,True,False,FN,review,,False,0.0,False,0.0,,"mRNA-1273-P204 - A Phase 2/3, Three-Part, Open-Label, Dose-Escalation, Age De-escalation and Randomized, Observer-Blind, Placebo-Controlled Expansion Study to Evaluate the
Safety, Tolerability, Reactogenicity, and Effectiveness of mRNA-1273 SARS-CoV-2 Vaccine in Healthy Children 6 Months to Less Than 12 Years of Age",0.947757673,5.066599999281607e-05,template_field_rect_from_day6_ocr
FDA_1572_NCT04796896,FDA_1572,gaussian_blur,1,db_prot_name_code,derived_from_actual_public_protocol_metadata,regex_only,PERSON,False,True,FP,,redact,False,0.947757673,False,1.0,regex;ocr_coordinates,"mRNA-1273-P204 - A Phase 2/3, Three-Part, Open-Label, Dose-Escalation, Age De-escalation and Randomized, Observer-Blind, Placebo-Controlled Expansion Study to Evaluate the
Safety, Tolerability, Reactogenicity, and Effectiveness of mRNA-1273 SARS-CoV-2 Vaccine in Healthy Children 6 Months to Less Than 12 Years of Age",0.947757673,5.066599999281607e-05,template_field_rect_from_day6_ocr
FDA_1572_NCT04796896,FDA_1572,gaussian_blur,1,db_prot_name_code,derived_from_actual_public_protocol_metadata,hybrid_policy,CCI_PROTOCOL_ID,True,True,TP,redact,redact,True,0.98746184152,False,1.0,regex;ocr_coordinates,"mRNA-1273-P204 - A Phase 2/3, Three-Part, Open-Label, Dose-Escalation, Age De-escalation and Randomized, Observer-Blind, Placebo-Controlled Expansion Study to Evaluate the
Safety, Tolerability, Reactogenicity, and Effectiveness of mRNA-1273 SARS-CoV-2 Vaccine in Healthy Children 6 Months to Less Than 12 Years of Age",0.947757673,1.484199992773938e-05,template_field_rect_from_day6_ocr
FDA_1572_NCT04796896,FDA_1572,gaussian_blur,1,db_prot_name_code,derived_from_actual_public_protocol_metadata,hybrid_policy,CCI_STUDY_TITLE,True,True,TP,review,review,True,0.98537214844,False,1.0,field_semantics;ocr_coordinates,"mRNA-1273-P204 - A Phase 2/3, Three-Part, Open-Label, Dose-Escalation, Age De-escalation and Randomized, Observer-Blind, Placebo-Controlled Expansion Study to Evaluate the
Safety, Tolerability, Reactogenicity, and Effectiveness of mRNA-1273 SARS-CoV-2 Vaccine in Healthy Children 6 Months to Less Than 12 Years of Age",0.947757673,1.484199992773938e-05,template_field_rect_from_day6_ocr
FDA_1572_NCT04796896,FDA_1572,gaussian_noise,1,db_invest_name,controlled_synthetic_test_value,regex_only,PERSON,True,True,TP,redact,redact,True,0.9606056700000001,False,1.0,regex;ocr_coordinates,"Omar Rahman, MD",0.9606056700000001,6.579000000783708e-06,template_field_rect_from_day6_ocr
FDA_1572_NCT04796896,FDA_1572,gaussian_noise,1,db_invest_name,controlled_synthetic_test_value,hybrid_policy,PERSON,True,True,TP,redact,redact,True,0.988181701,False,1.0,field_semantics;spacy_entity_ruler;ocr_coordinates,"Omar Rahman, MD",0.9606056700000001,5.799699999897712e-05,template_field_rect_from_day6_ocr
FDA_1572_NCT04796896,FDA_1572,gaussian_noise,1,db_inv_address1,controlled_synthetic_test_value,regex_only,ADDRESS,True,False,FN,redact,,False,0.0,False,0.0,,725 Research Boulevard,0.9650856533333336,7.782000011502532e-06,template_field_rect_from_day6_ocr
FDA_1572_NCT04796896,FDA_1572,gaussian_noise,1,db_inv_address1,controlled_synthetic_test_value,regex_only,PERSON,False,True,FP,,redact,False,0.9650856533333336,False,1.0,regex;ocr_coordinates,725 Research Boulevard,0.9650856533333336,7.782000011502532e-06,template_field_rect_from_day6_ocr
FDA_1572_NCT04796896,FDA_1572,gaussian_noise,1,db_inv_address1,controlled_synthetic_test_value,hybrid_policy,ADDRESS,True,True,TP,redact,redact,True,0.99,False,1.0,field_semantics;ocr_coordinates,725 Research Boulevard,0.9650856533333336,4.917000069326605e-06,template_field_rect_from_day6_ocr
FDA_1572_NCT04796896,FDA_1572,gaussian_noise,1,db_inv_zip,controlled_synthetic_test_value,regex_only,ADDRESS,True,True,TP,redact,redact,True,0.9635631600000001,False,1.0,regex;ocr_coordinates,02145,0.9635631600000001,5.0880000799224945e-06,template_field_rect_from_day6_ocr
FDA_1572_NCT04796896,FDA_1572,gaussian_noise,1,db_inv_zip,controlled_synthetic_test_value,hybrid_policy,ADDRESS,True,True,TP,redact,redact,True,0.9897976848000001,False,1.0,field_semantics;ocr_coordinates;regex,02145,0.9635631600000001,5.869000005986891e-06,template_field_rect_from_day6_ocr
FDA_1572_NCT04796896,FDA_1572,gaussian_noise,1,db_loc_name,controlled_synthetic_test_value,regex_only,PERSON,False,True,FP,,redact,False,0.9674909775,False,1.0,regex;ocr_coordinates,Pediatric Vaccine Research Unit,0.9674909775,6.380000058925361e-06,template_field_rect_from_day6_ocr
FDA_1572_NCT04796896,FDA_1572,gaussian_noise,1,db_loc_name,controlled_synthetic_test_value,regex_only,SENSITIVE_FACILITY,True,False,FN,review,,False,0.0,False,0.0,,Pediatric Vaccine Research Unit,0.9674909775,6.380000058925361e-06,template_field_rect_from_day6_ocr
FDA_1572_NCT04796896,FDA_1572,gaussian_noise,1,db_loc_name,controlled_synthetic_test_value,hybrid_policy,SENSITIVE_FACILITY,True,True,TP,review,review,True,0.99,False,1.0,field_semantics;ocr_coordinates,Pediatric Vaccine Research Unit,0.9674909775,4.316000058679492e-06,template_field_rect_from_day6_ocr
FDA_1572_NCT04796896,FDA_1572,gaussian_noise,1,db_lab_name,controlled_synthetic_test_value,regex_only,PERSON,False,True,FP,,redact,False,0.9643906133333331,False,1.0,regex;ocr_coordinates,Northeast Bioanalytical Laboratory,0.9643906133333331,6.278999990172451e-06,template_field_rect_from_day6_ocr
FDA_1572_NCT04796896,FDA_1572,gaussian_noise,1,db_lab_name,controlled_synthetic_test_value,regex_only,SENSITIVE_FACILITY,True,False,FN,review,,False,0.0,False,0.0,,Northeast Bioanalytical Laboratory,0.9643906133333331,6.278999990172451e-06,template_field_rect_from_day6_ocr
FDA_1572_NCT04796896,FDA_1572,gaussian_noise,1,db_lab_name,controlled_synthetic_test_value,hybrid_policy,SENSITIVE_FACILITY,True,True,TP,review,review,True,0.99,False,1.0,field_semantics;ocr_coordinates,Northeast Bioanalytical Laboratory,0.9643906133333331,4.1060000057768775e-06,template_field_rect_from_day6_ocr
FDA_1572_NCT04796896,FDA_1572,gaussian_noise,1,db_irb_name,controlled_synthetic_test_value,regex_only,PERSON,False,True,FP,,redact,False,0.96247553,False,1.0,regex;ocr_coordinates,Regional Human Research Board,0.96247553,6.238999958441127e-06,template_field_rect_from_day6_ocr
FDA_1572_NCT04796896,FDA_1572,gaussian_noise,1,db_irb_name,controlled_synthetic_test_value,regex_only,SENSITIVE_FACILITY,True,False,FN,review,,False,0.0,False,0.0,,Regional Human Research Board,0.96247553,6.238999958441127e-06,template_field_rect_from_day6_ocr
FDA_1572_NCT04796896,FDA_1572,gaussian_noise,1,db_irb_name,controlled_synthetic_test_value,hybrid_policy,SENSITIVE_FACILITY,True,True,TP,review,review,True,0.9894931484,False,1.0,field_semantics;ocr_coordinates,Regional Human Research Board,0.96247553,4.175999947619857e-06,template_field_rect_from_day6_ocr
FDA_1572_NCT04796896,FDA_1572,gaussian_noise,1,db_sub_inv_names,controlled_synthetic_test_value,regex_only,PERSON,True,True,TP,redact,redact,True,0.9597488033333331,False,1.0,regex;ocr_coordinates,"Sophia Kim, MD; Lucas Martin, MD",0.9597488033333331,1.0214999974778038e-05,template_field_rect_from_day6_ocr
FDA_1572_NCT04796896,FDA_1572,gaussian_noise,1,db_sub_inv_names,controlled_synthetic_test_value,hybrid_policy,PERSON,True,True,TP,redact,redact,True,0.9879246409999999,False,1.0,field_semantics;spacy_entity_ruler;ocr_coordinates,"Sophia Kim, MD; Lucas Martin, MD",0.9597488033333331,7.62040000381603e-05,template_field_rect_from_day6_ocr
FDA_1572_NCT04796896,FDA_1572,gaussian_noise,1,db_prot_name_code,derived_from_actual_public_protocol_metadata,regex_only,CCI_PROTOCOL_ID,True,True,TP,redact,redact,True,0.9409244595,False,1.0,regex;ocr_coordinates,"mRNA-1273-P204 - A Phase 2/3, Three-Part, Open-Label, Dose-Escalation, Age De-escalation and Randomized, Observer-Blind, Placebo-Controlled Expansion Study to Evaluate the
Safety, Tolerability, Reactogenicity, and Effectiveness of mRNA-1273 SARS-CoV-2 Vaccine in Healthy Children 6 Months to Less Than 12 Years of Age",0.9409244595,8.333400000992697e-05,template_field_rect_from_day6_ocr
FDA_1572_NCT04796896,FDA_1572,gaussian_noise,1,db_prot_name_code,derived_from_actual_public_protocol_metadata,regex_only,CCI_STUDY_TITLE,True,False,FN,review,,False,0.0,False,0.0,,"mRNA-1273-P204 - A Phase 2/3, Three-Part, Open-Label, Dose-Escalation, Age De-escalation and Randomized, Observer-Blind, Placebo-Controlled Expansion Study to Evaluate the
Safety, Tolerability, Reactogenicity, and Effectiveness of mRNA-1273 SARS-CoV-2 Vaccine in Healthy Children 6 Months to Less Than 12 Years of Age",0.9409244595,8.333400000992697e-05,template_field_rect_from_day6_ocr
FDA_1572_NCT04796896,FDA_1572,gaussian_noise,1,db_prot_name_code,derived_from_actual_public_protocol_metadata,regex_only,PERSON,False,True,FP,,redact,False,0.9409244595,False,1.0,regex;ocr_coordinates,"mRNA-1273-P204 - A Phase 2/3, Three-Part, Open-Label, Dose-Escalation, Age De-escalation and Randomized, Observer-Blind, Placebo-Controlled Expansion Study to Evaluate the
Safety, Tolerability, Reactogenicity, and Effectiveness of mRNA-1273 SARS-CoV-2 Vaccine in Healthy Children 6 Months to Less Than 12 Years of Age",0.9409244595,8.333400000992697e-05,template_field_rect_from_day6_ocr
FDA_1572_NCT04796896,FDA_1572,gaussian_noise,1,db_prot_name_code,derived_from_actual_public_protocol_metadata,hybrid_policy,CCI_PROTOCOL_ID,True,True,TP,redact,redact,True,0.98582187028,False,1.0,regex;ocr_coordinates,"mRNA-1273-P204 - A Phase 2/3, Three-Part, Open-Label, Dose-Escalation, Age De-escalation and Randomized, Observer-Blind, Placebo-Controlled Expansion Study to Evaluate the
Safety, Tolerability, Reactogenicity, and Effectiveness of mRNA-1273 SARS-CoV-2 Vaccine in Healthy Children 6 Months to Less Than 12 Years of Age",0.9409244595,6.44259999944552e-05,template_field_rect_from_day6_ocr
FDA_1572_NCT04796896,FDA_1572,gaussian_noise,1,db_prot_name_code,derived_from_actual_public_protocol_metadata,hybrid_policy,CCI_STUDY_TITLE,True,True,TP,review,review,True,0.98345884866,False,1.0,field_semantics;ocr_coordinates,"mRNA-1273-P204 - A Phase 2/3, Three-Part, Open-Label, Dose-Escalation, Age De-escalation and Randomized, Observer-Blind, Placebo-Controlled Expansion Study to Evaluate the
Safety, Tolerability, Reactogenicity, and Effectiveness of mRNA-1273 SARS-CoV-2 Vaccine in Healthy Children 6 Months to Less Than 12 Years of Age",0.9409244595,6.44259999944552e-05,template_field_rect_from_day6_ocr
FDA_1572_NCT04796896,FDA_1572,low_contrast,1,db_invest_name,controlled_synthetic_test_value,regex_only,PERSON,True,True,TP,redact,redact,True,0.9623816933333336,False,1.0,regex;ocr_coordinates,"Omar Rahman, MD",0.9623816933333336,8.892999971976678e-06,template_field_rect_from_day6_ocr
FDA_1572_NCT04796896,FDA_1572,low_contrast,1,db_invest_name,controlled_synthetic_test_value,hybrid_policy,PERSON,True,True,TP,redact,redact,True,0.9887145079999999,False,1.0,field_semantics;spacy_entity_ruler;ocr_coordinates,"Omar Rahman, MD",0.9623816933333336,8.659899992835562e-05,template_field_rect_from_day6_ocr
FDA_1572_NCT04796896,FDA_1572,low_contrast,1,db_inv_address1,controlled_synthetic_test_value,regex_only,ADDRESS,True,False,FN,redact,,False,0.0,False,0.0,,725 Research Boulevard,0.9623842866666668,8.461999982500856e-06,template_field_rect_from_day6_ocr
FDA_1572_NCT04796896,FDA_1572,low_contrast,1,db_inv_address1,controlled_synthetic_test_value,regex_only,PERSON,False,True,FP,,redact,False,0.9623842866666668,False,1.0,regex;ocr_coordinates,725 Research Boulevard,0.9623842866666668,8.461999982500856e-06,template_field_rect_from_day6_ocr
FDA_1572_NCT04796896,FDA_1572,low_contrast,1,db_inv_address1,controlled_synthetic_test_value,hybrid_policy,ADDRESS,True,True,TP,redact,redact,True,0.9894676002666667,False,1.0,field_semantics;ocr_coordinates,725 Research Boulevard,0.9623842866666668,5.097999974168488e-06,template_field_rect_from_day6_ocr
FDA_1572_NCT04796896,FDA_1572,low_contrast,1,db_inv_zip,controlled_synthetic_test_value,regex_only,ADDRESS,True,True,TP,redact,redact,True,0.96139122,False,1.0,regex;ocr_coordinates,02145,0.96139122,5.327999929249927e-06,template_field_rect_from_day6_ocr
FDA_1572_NCT04796896,FDA_1572,low_contrast,1,db_inv_zip,controlled_synthetic_test_value,hybrid_policy,ADDRESS,True,True,TP,redact,redact,True,0.9891895416,False,1.0,field_semantics;ocr_coordinates;regex,02145,0.96139122,5.8880000324279536e-06,template_field_rect_from_day6_ocr
FDA_1572_NCT04796896,FDA_1572,low_contrast,1,db_loc_name,controlled_synthetic_test_value,regex_only,PERSON,False,True,FP,,redact,False,0.773858656,False,1.0,regex;ocr_coordinates,Pediatric Vaccine Research Unit .,0.773858656,6.8299999611554085e-06,template_field_rect_from_day6_ocr
FDA_1572_NCT04796896,FDA_1572,low_contrast,1,db_loc_name,controlled_synthetic_test_value,regex_only,SENSITIVE_FACILITY,True,False,FN,review,,False,0.0,False,0.0,,Pediatric Vaccine Research Unit .,0.773858656,6.8299999611554085e-06,template_field_rect_from_day6_ocr
FDA_1572_NCT04796896,FDA_1572,low_contrast,1,db_loc_name,controlled_synthetic_test_value,hybrid_policy,SENSITIVE_FACILITY,True,True,TP,review,review,True,0.93668042368,False,1.0,field_semantics;ocr_coordinates,Pediatric Vaccine Research Unit .,0.773858656,4.3159999449926545e-06,template_field_rect_from_day6_ocr
FDA_1572_NCT04796896,FDA_1572,low_contrast,1,db_lab_name,controlled_synthetic_test_value,regex_only,PERSON,False,True,FP,,redact,False,0.9634206633333333,False,1.0,regex;ocr_coordinates,Northeast Bioanalytical Laboratory,0.9634206633333333,6.959999950595375e-06,template_field_rect_from_day6_ocr
FDA_1572_NCT04796896,FDA_1572,low_contrast,1,db_lab_name,controlled_synthetic_test_value,regex_only,SENSITIVE_FACILITY,True,False,FN,review,,False,0.0,False,0.0,,Northeast Bioanalytical Laboratory,0.9634206633333333,6.959999950595375e-06,template_field_rect_from_day6_ocr
FDA_1572_NCT04796896,FDA_1572,low_contrast,1,db_lab_name,controlled_synthetic_test_value,hybrid_policy,SENSITIVE_FACILITY,True,True,TP,review,review,True,0.9897577857333333,False,1.0,field_semantics;ocr_coordinates,Northeast Bioanalytical Laboratory,0.9634206633333333,4.355999976723979e-06,template_field_rect_from_day6_ocr
FDA_1572_NCT04796896,FDA_1572,low_contrast,1,db_irb_name,controlled_synthetic_test_value,regex_only,PERSON,False,True,FP,,redact,False,0.96362362,False,1.0,regex;ocr_coordinates,Regional Human Research Board,0.96362362,6.42899999547808e-06,template_field_rect_from_day6_ocr
FDA_1572_NCT04796896,FDA_1572,low_contrast,1,db_irb_name,controlled_synthetic_test_value,regex_only,SENSITIVE_FACILITY,True,False,FN,review,,False,0.0,False,0.0,,Regional Human Research Board,0.96362362,6.42899999547808e-06,template_field_rect_from_day6_ocr
FDA_1572_NCT04796896,FDA_1572,low_contrast,1,db_irb_name,controlled_synthetic_test_value,hybrid_policy,SENSITIVE_FACILITY,True,True,TP,review,review,True,0.9898146136,False,1.0,field_semantics;ocr_coordinates,Regional Human Research Board,0.96362362,3.976000016336911e-06,template_field_rect_from_day6_ocr
FDA_1572_NCT04796896,FDA_1572,low_contrast,1,db_sub_inv_names,controlled_synthetic_test_value,regex_only,PERSON,True,True,TP,redact,redact,True,0.9653639850000001,False,1.0,regex;ocr_coordinates,"Sophia Kim, MD; Lucas Martin, MD",0.9653639850000001,1.0295000038240687e-05,template_field_rect_from_day6_ocr
FDA_1572_NCT04796896,FDA_1572,low_contrast,1,db_sub_inv_names,controlled_synthetic_test_value,hybrid_policy,PERSON,True,True,TP,redact,redact,True,0.9896091954999999,False,1.0,field_semantics;spacy_entity_ruler;ocr_coordinates,"Sophia Kim, MD; Lucas Martin, MD",0.9653639850000001,7.840599994324293e-05,template_field_rect_from_day6_ocr
FDA_1572_NCT04796896,FDA_1572,low_contrast,1,db_prot_name_code,derived_from_actual_public_protocol_metadata,regex_only,CCI_PROTOCOL_ID,True,True,TP,redact,redact,True,0.94187831125,False,1.0,regex;ocr_coordinates,"mRNA-1273-P204 - A Phase 2/3, Three-Part, Open-Label, Dose-Escalation, Age De-escalation and Randomized, Observer-Blind, Placebo-Controlled Expansion Study to Evaluate the
Safety, Tolerability, Reactogenicity, and Effectiveness of mRNA-1273 SARS-CoV-2 Vaccine in Healthy Children 6 Months to Less Than 12 Years of Age",0.94187831125,5.082600000605453e-05,template_field_rect_from_day6_ocr
FDA_1572_NCT04796896,FDA_1572,low_contrast,1,db_prot_name_code,derived_from_actual_public_protocol_metadata,regex_only,CCI_STUDY_TITLE,True,False,FN,review,,False,0.0,False,0.0,,"mRNA-1273-P204 - A Phase 2/3, Three-Part, Open-Label, Dose-Escalation, Age De-escalation and Randomized, Observer-Blind, Placebo-Controlled Expansion Study to Evaluate the
Safety, Tolerability, Reactogenicity, and Effectiveness of mRNA-1273 SARS-CoV-2 Vaccine in Healthy Children 6 Months to Less Than 12 Years of Age",0.94187831125,5.082600000605453e-05,template_field_rect_from_day6_ocr
FDA_1572_NCT04796896,FDA_1572,low_contrast,1,db_prot_name_code,derived_from_actual_public_protocol_metadata,regex_only,PERSON,False,True,FP,,redact,False,0.94187831125,False,1.0,regex;ocr_coordinates,"mRNA-1273-P204 - A Phase 2/3, Three-Part, Open-Label, Dose-Escalation, Age De-escalation and Randomized, Observer-Blind, Placebo-Controlled Expansion Study to Evaluate the
Safety, Tolerability, Reactogenicity, and Effectiveness of mRNA-1273 SARS-CoV-2 Vaccine in Healthy Children 6 Months to Less Than 12 Years of Age",0.94187831125,5.082600000605453e-05,template_field_rect_from_day6_ocr
FDA_1572_NCT04796896,FDA_1572,low_contrast,1,db_prot_name_code,derived_from_actual_public_protocol_metadata,hybrid_policy,CCI_PROTOCOL_ID,True,True,TP,redact,redact,True,0.9860507947,False,1.0,regex;ocr_coordinates,"mRNA-1273-P204 - A Phase 2/3, Three-Part, Open-Label, Dose-Escalation, Age De-escalation and Randomized, Observer-Blind, Placebo-Controlled Expansion Study to Evaluate the
Safety, Tolerability, Reactogenicity, and Effectiveness of mRNA-1273 SARS-CoV-2 Vaccine in Healthy Children 6 Months to Less Than 12 Years of Age",0.94187831125,1.4652000004389265e-05,template_field_rect_from_day6_ocr
FDA_1572_NCT04796896,FDA_1572,low_contrast,1,db_prot_name_code,derived_from_actual_public_protocol_metadata,hybrid_policy,CCI_STUDY_TITLE,True,True,TP,review,review,True,0.9837259271500001,False,1.0,field_semantics;ocr_coordinates,"mRNA-1273-P204 - A Phase 2/3, Three-Part, Open-Label, Dose-Escalation, Age De-escalation and Randomized, Observer-Blind, Placebo-Controlled Expansion Study to Evaluate the
Safety, Tolerability, Reactogenicity, and Effectiveness of mRNA-1273 SARS-CoV-2 Vaccine in Healthy Children 6 Months to Less Than 12 Years of Age",0.94187831125,1.4652000004389265e-05,template_field_rect_from_day6_ocr
FDA_1572_NCT04796896,FDA_1572,directional_shadow,1,db_invest_name,controlled_synthetic_test_value,regex_only,PERSON,True,True,TP,redact,redact,True,0.9631322733333332,False,1.0,regex;ocr_coordinates,"Omar Rahman, MD",0.9631322733333332,6.219000056262303e-06,template_field_rect_from_day6_ocr
FDA_1572_NCT04796896,FDA_1572,directional_shadow,1,db_invest_name,controlled_synthetic_test_value,hybrid_policy,PERSON,True,True,TP,redact,redact,True,0.9889396819999998,False,1.0,field_semantics;spacy_entity_ruler;ocr_coordinates,"Omar Rahman, MD",0.9631322733333332,5.801700001484278e-05,template_field_rect_from_day6_ocr
FDA_1572_NCT04796896,FDA_1572,directional_shadow,1,db_inv_address1,controlled_synthetic_test_value,regex_only,ADDRESS,True,False,FN,redact,,False,0.0,False,0.0,,725 Research Boulevard,0.9608459,7.440999979735352e-06,template_field_rect_from_day6_ocr
FDA_1572_NCT04796896,FDA_1572,directional_shadow,1,db_inv_address1,controlled_synthetic_test_value,regex_only,PERSON,False,True,FP,,redact,False,0.9608459,False,1.0,regex;ocr_coordinates,725 Research Boulevard,0.9608459,7.440999979735352e-06,template_field_rect_from_day6_ocr
FDA_1572_NCT04796896,FDA_1572,directional_shadow,1,db_inv_address1,controlled_synthetic_test_value,hybrid_policy,ADDRESS,True,True,TP,redact,redact,True,0.989036852,False,1.0,field_semantics;ocr_coordinates,725 Research Boulevard,0.9608459,4.896999939774105e-06,template_field_rect_from_day6_ocr
FDA_1572_NCT04796896,FDA_1572,directional_shadow,1,db_inv_zip,controlled_synthetic_test_value,regex_only,ADDRESS,True,True,TP,redact,redact,True,0.96368149,False,1.0,regex;ocr_coordinates,02145,0.96368149,4.676999992625497e-06,template_field_rect_from_day6_ocr
FDA_1572_NCT04796896,FDA_1572,directional_shadow,1,db_inv_zip,controlled_synthetic_test_value,hybrid_policy,ADDRESS,True,True,TP,redact,redact,True,0.9898308172,False,1.0,field_semantics;ocr_coordinates;regex,02145,0.96368149,5.739000016546925e-06,template_field_rect_from_day6_ocr
FDA_1572_NCT04796896,FDA_1572,directional_shadow,1,db_loc_name,controlled_synthetic_test_value,regex_only,PERSON,False,True,FP,,redact,False,0.773762374,False,1.0,regex;ocr_coordinates,Pediatric Vaccine Research Unit .,0.773762374,6.489000043075066e-06,template_field_rect_from_day6_ocr
FDA_1572_NCT04796896,FDA_1572,directional_shadow,1,db_loc_name,controlled_synthetic_test_value,regex_only,SENSITIVE_FACILITY,True,False,FN,review,,False,0.0,False,0.0,,Pediatric Vaccine Research Unit .,0.773762374,6.489000043075066e-06,template_field_rect_from_day6_ocr
FDA_1572_NCT04796896,FDA_1572,directional_shadow,1,db_loc_name,controlled_synthetic_test_value,hybrid_policy,SENSITIVE_FACILITY,True,True,TP,review,review,True,0.93665346472,False,1.0,field_semantics;ocr_coordinates,Pediatric Vaccine Research Unit .,0.773762374,4.416000024320965e-06,template_field_rect_from_day6_ocr
FDA_1572_NCT04796896,FDA_1572,directional_shadow,1,db_lab_name,controlled_synthetic_test_value,regex_only,PERSON,False,True,FP,,redact,False,0.9629476666666666,False,1.0,regex;ocr_coordinates,Northeast Bioanalytical Laboratory,0.9629476666666666,6.489999918812828e-06,template_field_rect_from_day6_ocr
FDA_1572_NCT04796896,FDA_1572,directional_shadow,1,db_lab_name,controlled_synthetic_test_value,regex_only,SENSITIVE_FACILITY,True,False,FN,review,,False,0.0,False,0.0,,Northeast Bioanalytical Laboratory,0.9629476666666666,6.489999918812828e-06,template_field_rect_from_day6_ocr
FDA_1572_NCT04796896,FDA_1572,directional_shadow,1,db_lab_name,controlled_synthetic_test_value,hybrid_policy,SENSITIVE_FACILITY,True,True,TP,review,review,True,0.9896253466666667,False,1.0,field_semantics;ocr_coordinates,Northeast Bioanalytical Laboratory,0.9629476666666666,4.116000013709709e-06,template_field_rect_from_day6_ocr
FDA_1572_NCT04796896,FDA_1572,directional_shadow,1,db_irb_name,controlled_synthetic_test_value,regex_only,PERSON,False,True,FP,,redact,False,0.9647111325000001,False,1.0,regex;ocr_coordinates,Regional Human Research Board,0.9647111325000001,6.640000037805294e-06,template_field_rect_from_day6_ocr
FDA_1572_NCT04796896,FDA_1572,directional_shadow,1,db_irb_name,controlled_synthetic_test_value,regex_only,SENSITIVE_FACILITY,True,False,FN,review,,False,0.0,False,0.0,,Regional Human Research Board,0.9647111325000001,6.640000037805294e-06,template_field_rect_from_day6_ocr
FDA_1572_NCT04796896,FDA_1572,directional_shadow,1,db_irb_name,controlled_synthetic_test_value,hybrid_policy,SENSITIVE_FACILITY,True,True,TP,review,review,True,0.99,False,1.0,field_semantics;ocr_coordinates,Regional Human Research Board,0.9647111325000001,4.5269999873198685e-06,template_field_rect_from_day6_ocr
FDA_1572_NCT04796896,FDA_1572,directional_shadow,1,db_sub_inv_names,controlled_synthetic_test_value,regex_only,PERSON,True,True,TP,redact,redact,True,0.9649467083333336,False,1.0,regex;ocr_coordinates,"Sophia Kim, MD; Lucas Martin, MD",0.9649467083333336,1.0244999998576532e-05,template_field_rect_from_day6_ocr
FDA_1572_NCT04796896,FDA_1572,directional_shadow,1,db_sub_inv_names,controlled_synthetic_test_value,hybrid_policy,PERSON,True,True,TP,redact,redact,True,0.9894840125,False,1.0,field_semantics;spacy_entity_ruler;ocr_coordinates,"Sophia Kim, MD; Lucas Martin, MD",0.9649467083333336,7.741500007796276e-05,template_field_rect_from_day6_ocr
FDA_1572_NCT04796896,FDA_1572,directional_shadow,1,db_prot_name_code,derived_from_actual_public_protocol_metadata,regex_only,CCI_PROTOCOL_ID,True,True,TP,redact,redact,True,0.9440238187500001,False,1.0,regex;ocr_coordinates,"mRNA-1273-P204 - A Phase 2/3, Three-Part, Open-Label, Dose-Escalation, Age De-escalation and Randomized, Observer-Blind, Placebo-Controlled Expansion Study to Evaluate the
Safety, Tolerability, Reactogenicity, and Effectiveness of mRNA-1273 SARS-CoV-2 Vaccine in Healthy Children 6 Months to Less Than 12 Years of Age",0.9440238187500001,5.164699996385025e-05,template_field_rect_from_day6_ocr
FDA_1572_NCT04796896,FDA_1572,directional_shadow,1,db_prot_name_code,derived_from_actual_public_protocol_metadata,regex_only,CCI_STUDY_TITLE,True,False,FN,review,,False,0.0,False,0.0,,"mRNA-1273-P204 - A Phase 2/3, Three-Part, Open-Label, Dose-Escalation, Age De-escalation and Randomized, Observer-Blind, Placebo-Controlled Expansion Study to Evaluate the
Safety, Tolerability, Reactogenicity, and Effectiveness of mRNA-1273 SARS-CoV-2 Vaccine in Healthy Children 6 Months to Less Than 12 Years of Age",0.9440238187500001,5.164699996385025e-05,template_field_rect_from_day6_ocr
FDA_1572_NCT04796896,FDA_1572,directional_shadow,1,db_prot_name_code,derived_from_actual_public_protocol_metadata,regex_only,PERSON,False,True,FP,,redact,False,0.9440238187500001,False,1.0,regex;ocr_coordinates,"mRNA-1273-P204 - A Phase 2/3, Three-Part, Open-Label, Dose-Escalation, Age De-escalation and Randomized, Observer-Blind, Placebo-Controlled Expansion Study to Evaluate the
Safety, Tolerability, Reactogenicity, and Effectiveness of mRNA-1273 SARS-CoV-2 Vaccine in Healthy Children 6 Months to Less Than 12 Years of Age",0.9440238187500001,5.164699996385025e-05,template_field_rect_from_day6_ocr
FDA_1572_NCT04796896,FDA_1572,directional_shadow,1,db_prot_name_code,derived_from_actual_public_protocol_metadata,hybrid_policy,CCI_PROTOCOL_ID,True,True,TP,redact,redact,True,0.9865657165,False,1.0,regex;ocr_coordinates,"mRNA-1273-P204 - A Phase 2/3, Three-Part, Open-Label, Dose-Escalation, Age De-escalation and Randomized, Observer-Blind, Placebo-Controlled Expansion Study to Evaluate the
Safety, Tolerability, Reactogenicity, and Effectiveness of mRNA-1273 SARS-CoV-2 Vaccine in Healthy Children 6 Months to Less Than 12 Years of Age",0.9440238187500001,1.5013000052022107e-05,template_field_rect_from_day6_ocr
FDA_1572_NCT04796896,FDA_1572,directional_shadow,1,db_prot_name_code,derived_from_actual_public_protocol_metadata,hybrid_policy,CCI_STUDY_TITLE,True,True,TP,review,review,True,0.98432666925,False,1.0,field_semantics;ocr_coordinates,"mRNA-1273-P204 - A Phase 2/3, Three-Part, Open-Label, Dose-Escalation, Age De-escalation and Randomized, Observer-Blind, Placebo-Controlled Expansion Study to Evaluate the
Safety, Tolerability, Reactogenicity, and Effectiveness of mRNA-1273 SARS-CoV-2 Vaccine in Healthy Children 6 Months to Less Than 12 Years of Age",0.9440238187500001,1.5013000052022107e-05,template_field_rect_from_day6_ocr
FDA_1572_NCT04796896,FDA_1572,jpeg_compression,1,db_invest_name,controlled_synthetic_test_value,regex_only,PERSON,True,True,TP,redact,redact,True,0.9534373433333332,False,1.0,regex;ocr_coordinates,"Omar Rahman, MD",0.9534373433333332,6.499999926745659e-06,template_field_rect_from_day6_ocr
FDA_1572_NCT04796896,FDA_1572,jpeg_compression,1,db_invest_name,controlled_synthetic_test_value,hybrid_policy,PERSON,True,True,TP,redact,redact,True,0.9860312029999999,False,1.0,field_semantics;spacy_entity_ruler;ocr_coordinates,"Omar Rahman, MD",0.9534373433333332,5.845700002282683e-05,template_field_rect_from_day6_ocr
FDA_1572_NCT04796896,FDA_1572,jpeg_compression,1,db_inv_address1,controlled_synthetic_test_value,regex_only,ADDRESS,True,False,FN,redact,,False,0.0,False,0.0,,725 Research Boulevard,0.9663600666666667,7.751999987704039e-06,template_field_rect_from_day6_ocr
FDA_1572_NCT04796896,FDA_1572,jpeg_compression,1,db_inv_address1,controlled_synthetic_test_value,regex_only,PERSON,False,True,FP,,redact,False,0.9663600666666667,False,1.0,regex;ocr_coordinates,725 Research Boulevard,0.9663600666666667,7.751999987704039e-06,template_field_rect_from_day6_ocr
FDA_1572_NCT04796896,FDA_1572,jpeg_compression,1,db_inv_address1,controlled_synthetic_test_value,hybrid_policy,ADDRESS,True,True,TP,redact,redact,True,0.99,False,1.0,field_semantics;ocr_coordinates,725 Research Boulevard,0.9663600666666667,5.086999976811057e-06,template_field_rect_from_day6_ocr
FDA_1572_NCT04796896,FDA_1572,jpeg_compression,1,db_inv_zip,controlled_synthetic_test_value,regex_only,ADDRESS,True,True,TP,redact,redact,True,0.9622139,False,1.0,regex;ocr_coordinates,02145,0.9622139,5.338000050869596e-06,template_field_rect_from_day6_ocr
FDA_1572_NCT04796896,FDA_1572,jpeg_compression,1,db_inv_zip,controlled_synthetic_test_value,hybrid_policy,ADDRESS,True,True,TP,redact,redact,True,0.9894198919999999,False,1.0,field_semantics;ocr_coordinates;regex,02145,0.9622139,5.978999979561195e-06,template_field_rect_from_day6_ocr
FDA_1572_NCT04796896,FDA_1572,jpeg_compression,1,db_loc_name,controlled_synthetic_test_value,regex_only,PERSON,False,True,FP,,redact,False,0.773489014,False,1.0,regex;ocr_coordinates,Pediatric Vaccine Research Unit .,0.773489014,6.869999992886733e-06,template_field_rect_from_day6_ocr
FDA_1572_NCT04796896,FDA_1572,jpeg_compression,1,db_loc_name,controlled_synthetic_test_value,regex_only,SENSITIVE_FACILITY,True,False,FN,review,,False,0.0,False,0.0,,Pediatric Vaccine Research Unit .,0.773489014,6.869999992886733e-06,template_field_rect_from_day6_ocr
FDA_1572_NCT04796896,FDA_1572,jpeg_compression,1,db_loc_name,controlled_synthetic_test_value,hybrid_policy,SENSITIVE_FACILITY,True,True,TP,review,review,True,0.93657692392,False,1.0,field_semantics;ocr_coordinates,Pediatric Vaccine Research Unit .,0.773489014,7.301000096049393e-06,template_field_rect_from_day6_ocr
FDA_1572_NCT04796896,FDA_1572,jpeg_compression,1,db_lab_name,controlled_synthetic_test_value,regex_only,PERSON,False,True,FP,,redact,False,0.9629008766666668,False,1.0,regex;ocr_coordinates,Northeast Bioanalytical Laboratory,0.9629008766666668,7.07999993210251e-06,template_field_rect_from_day6_ocr
FDA_1572_NCT04796896,FDA_1572,jpeg_compression,1,db_lab_name,controlled_synthetic_test_value,regex_only,SENSITIVE_FACILITY,True,False,FN,review,,False,0.0,False,0.0,,Northeast Bioanalytical Laboratory,0.9629008766666668,7.07999993210251e-06,template_field_rect_from_day6_ocr
FDA_1572_NCT04796896,FDA_1572,jpeg_compression,1,db_lab_name,controlled_synthetic_test_value,hybrid_policy,SENSITIVE_FACILITY,True,True,TP,review,review,True,0.9896122454666667,False,1.0,field_semantics;ocr_coordinates,Northeast Bioanalytical Laboratory,0.9629008766666668,4.386999989947071e-06,template_field_rect_from_day6_ocr
FDA_1572_NCT04796896,FDA_1572,jpeg_compression,1,db_irb_name,controlled_synthetic_test_value,regex_only,PERSON,False,True,FP,,redact,False,0.9592372324999999,False,1.0,regex;ocr_coordinates,Regional Human Research Board,0.9592372324999999,6.450000000768341e-06,template_field_rect_from_day6_ocr
FDA_1572_NCT04796896,FDA_1572,jpeg_compression,1,db_irb_name,controlled_synthetic_test_value,regex_only,SENSITIVE_FACILITY,True,False,FN,review,,False,0.0,False,0.0,,Regional Human Research Board,0.9592372324999999,6.450000000768341e-06,template_field_rect_from_day6_ocr
FDA_1572_NCT04796896,FDA_1572,jpeg_compression,1,db_irb_name,controlled_synthetic_test_value,hybrid_policy,SENSITIVE_FACILITY,True,True,TP,review,review,True,0.9885864251,False,1.0,field_semantics;ocr_coordinates,Regional Human Research Board,0.9592372324999999,4.46700005340972e-06,template_field_rect_from_day6_ocr
FDA_1572_NCT04796896,FDA_1572,jpeg_compression,1,db_sub_inv_names,controlled_synthetic_test_value,regex_only,PERSON,True,True,TP,redact,redact,True,0.9638680116666666,False,1.0,regex;ocr_coordinates,"Sophia Kim, MD; Lucas Martin, MD",0.9638680116666666,1.063599995632103e-05,template_field_rect_from_day6_ocr
FDA_1572_NCT04796896,FDA_1572,jpeg_compression,1,db_sub_inv_names,controlled_synthetic_test_value,hybrid_policy,PERSON,True,True,TP,redact,redact,True,0.9891604034999999,False,1.0,field_semantics;spacy_entity_ruler;ocr_coordinates,"Sophia Kim, MD; Lucas Martin, MD",0.9638680116666666,7.519199994021619e-05,template_field_rect_from_day6_ocr
FDA_1572_NCT04796896,FDA_1572,jpeg_compression,1,db_prot_name_code,derived_from_actual_public_protocol_metadata,regex_only,CCI_PROTOCOL_ID,True,True,TP,redact,redact,True,0.9458016707500001,False,1.0,regex;ocr_coordinates,"mRNA-1273-P204 - A Phase 2/3, Three-Part, Open-Label, Dose-Escalation, Age De-escalation and Randomized, Observer-Blind, Placebo-Controlled Expansion Study to Evaluate the
Safety, Tolerability, Reactogenicity, and Effectiveness of mRNA-1273 SARS-CoV-2 Vaccine in Healthy Children 6 Months to Less Than 12 Years of Age",0.9458016707500001,4.967399991073762e-05,template_field_rect_from_day6_ocr
FDA_1572_NCT04796896,FDA_1572,jpeg_compression,1,db_prot_name_code,derived_from_actual_public_protocol_metadata,regex_only,CCI_STUDY_TITLE,True,False,FN,review,,False,0.0,False,0.0,,"mRNA-1273-P204 - A Phase 2/3, Three-Part, Open-Label, Dose-Escalation, Age De-escalation and Randomized, Observer-Blind, Placebo-Controlled Expansion Study to Evaluate the
Safety, Tolerability, Reactogenicity, and Effectiveness of mRNA-1273 SARS-CoV-2 Vaccine in Healthy Children 6 Months to Less Than 12 Years of Age",0.9458016707500001,4.967399991073762e-05,template_field_rect_from_day6_ocr
FDA_1572_NCT04796896,FDA_1572,jpeg_compression,1,db_prot_name_code,derived_from_actual_public_protocol_metadata,regex_only,PERSON,False,True,FP,,redact,False,0.9458016707500001,False,1.0,regex;ocr_coordinates,"mRNA-1273-P204 - A Phase 2/3, Three-Part, Open-Label, Dose-Escalation, Age De-escalation and Randomized, Observer-Blind, Placebo-Controlled Expansion Study to Evaluate the
Safety, Tolerability, Reactogenicity, and Effectiveness of mRNA-1273 SARS-CoV-2 Vaccine in Healthy Children 6 Months to Less Than 12 Years of Age",0.9458016707500001,4.967399991073762e-05,template_field_rect_from_day6_ocr
FDA_1572_NCT04796896,FDA_1572,jpeg_compression,1,db_prot_name_code,derived_from_actual_public_protocol_metadata,hybrid_policy,CCI_PROTOCOL_ID,True,True,TP,redact,redact,True,0.98699240098,False,1.0,regex;ocr_coordinates,"mRNA-1273-P204 - A Phase 2/3, Three-Part, Open-Label, Dose-Escalation, Age De-escalation and Randomized, Observer-Blind, Placebo-Controlled Expansion Study to Evaluate the
Safety, Tolerability, Reactogenicity, and Effectiveness of mRNA-1273 SARS-CoV-2 Vaccine in Healthy Children 6 Months to Less Than 12 Years of Age",0.9458016707500001,1.4390999922397896e-05,template_field_rect_from_day6_ocr
FDA_1572_NCT04796896,FDA_1572,jpeg_compression,1,db_prot_name_code,derived_from_actual_public_protocol_metadata,hybrid_policy,CCI_STUDY_TITLE,True,True,TP,review,review,True,0.98482446781,False,1.0,field_semantics;ocr_coordinates,"mRNA-1273-P204 - A Phase 2/3, Three-Part, Open-Label, Dose-Escalation, Age De-escalation and Randomized, Observer-Blind, Placebo-Controlled Expansion Study to Evaluate the
Safety, Tolerability, Reactogenicity, and Effectiveness of mRNA-1273 SARS-CoV-2 Vaccine in Healthy Children 6 Months to Less Than 12 Years of Age",0.9458016707500001,1.4390999922397896e-05,template_field_rect_from_day6_ocr
FDA_1572_NCT04796896,FDA_1572,combined_moderate,1,db_invest_name,controlled_synthetic_test_value,regex_only,PERSON,True,True,TP,redact,redact,True,0.9636901600000001,False,1.0,regex;ocr_coordinates,"Omar Rahman, MD",0.9636901600000001,5.9389999478298705e-06,template_field_rect_from_day6_ocr
FDA_1572_NCT04796896,FDA_1572,combined_moderate,1,db_invest_name,controlled_synthetic_test_value,hybrid_policy,PERSON,True,True,TP,redact,redact,True,0.9891070479999999,False,1.0,field_semantics;spacy_entity_ruler;ocr_coordinates,"Omar Rahman, MD",0.9636901600000001,5.40500000170141e-05,template_field_rect_from_day6_ocr
FDA_1572_NCT04796896,FDA_1572,combined_moderate,1,db_inv_address1,controlled_synthetic_test_value,regex_only,ADDRESS,True,False,FN,redact,,False,0.0,False,0.0,,725 Research Boulevard,0.96450671,7.5010000273323385e-06,template_field_rect_from_day6_ocr
FDA_1572_NCT04796896,FDA_1572,combined_moderate,1,db_inv_address1,controlled_synthetic_test_value,regex_only,PERSON,False,True,FP,,redact,False,0.96450671,False,1.0,regex;ocr_coordinates,725 Research Boulevard,0.96450671,7.5010000273323385e-06,template_field_rect_from_day6_ocr
FDA_1572_NCT04796896,FDA_1572,combined_moderate,1,db_inv_address1,controlled_synthetic_test_value,hybrid_policy,ADDRESS,True,True,TP,redact,redact,True,0.99,False,1.0,field_semantics;ocr_coordinates,725 Research Boulevard,0.96450671,4.966999995303922e-06,template_field_rect_from_day6_ocr
FDA_1572_NCT04796896,FDA_1572,combined_moderate,1,db_inv_zip,controlled_synthetic_test_value,regex_only,ADDRESS,True,True,TP,redact,redact,True,0.96450798,False,1.0,regex;ocr_coordinates,02145,0.96450798,5.197999939809961e-06,template_field_rect_from_day6_ocr
FDA_1572_NCT04796896,FDA_1572,combined_moderate,1,db_inv_zip,controlled_synthetic_test_value,hybrid_policy,ADDRESS,True,True,TP,redact,redact,True,0.99,False,1.0,field_semantics;ocr_coordinates;regex,02145,0.96450798,6.258999974306789e-06,template_field_rect_from_day6_ocr
FDA_1572_NCT04796896,FDA_1572,combined_moderate,1,db_loc_name,controlled_synthetic_test_value,regex_only,PERSON,False,True,FP,,redact,False,0.8597049880000001,False,1.0,regex;ocr_coordinates,Pediatric Vaccine Research Unit ;,0.8597049880000001,6.589999998141138e-06,template_field_rect_from_day6_ocr
FDA_1572_NCT04796896,FDA_1572,combined_moderate,1,db_loc_name,controlled_synthetic_test_value,regex_only,SENSITIVE_FACILITY,True,False,FN,review,,False,0.0,False,0.0,,Pediatric Vaccine Research Unit ;,0.8597049880000001,6.589999998141138e-06,template_field_rect_from_day6_ocr
FDA_1572_NCT04796896,FDA_1572,combined_moderate,1,db_loc_name,controlled_synthetic_test_value,hybrid_policy,SENSITIVE_FACILITY,True,True,TP,review,review,True,0.96071739664,False,1.0,field_semantics;ocr_coordinates,Pediatric Vaccine Research Unit ;,0.8597049880000001,6.820000066909415e-06,template_field_rect_from_day6_ocr
FDA_1572_NCT04796896,FDA_1572,combined_moderate,1,db_lab_name,controlled_synthetic_test_value,regex_only,PERSON,False,True,FP,,redact,False,0.9642879733333332,False,1.0,regex;ocr_coordinates,Northeast Bioanalytical Laboratory,0.9642879733333332,6.240000061552564e-06,template_field_rect_from_day6_ocr
FDA_1572_NCT04796896,FDA_1572,combined_moderate,1,db_lab_name,controlled_synthetic_test_value,regex_only,SENSITIVE_FACILITY,True,False,FN,review,,False,0.0,False,0.0,,Northeast Bioanalytical Laboratory,0.9642879733333332,6.240000061552564e-06,template_field_rect_from_day6_ocr
FDA_1572_NCT04796896,FDA_1572,combined_moderate,1,db_lab_name,controlled_synthetic_test_value,hybrid_policy,SENSITIVE_FACILITY,True,True,TP,review,review,True,0.99,False,1.0,field_semantics;ocr_coordinates,Northeast Bioanalytical Laboratory,0.9642879733333332,4.116000013709709e-06,template_field_rect_from_day6_ocr
FDA_1572_NCT04796896,FDA_1572,combined_moderate,1,db_irb_name,controlled_synthetic_test_value,regex_only,PERSON,False,True,FP,,redact,False,0.880851828,False,1.0,regex;ocr_coordinates,Regional Human Research Board i,0.880851828,6.340000027194037e-06,template_field_rect_from_day6_ocr
FDA_1572_NCT04796896,FDA_1572,combined_moderate,1,db_irb_name,controlled_synthetic_test_value,regex_only,SENSITIVE_FACILITY,True,False,FN,review,,False,0.0,False,0.0,,Regional Human Research Board i,0.880851828,6.340000027194037e-06,template_field_rect_from_day6_ocr
FDA_1572_NCT04796896,FDA_1572,combined_moderate,1,db_irb_name,controlled_synthetic_test_value,hybrid_policy,SENSITIVE_FACILITY,True,True,TP,review,review,True,0.96663851184,False,1.0,field_semantics;ocr_coordinates,Regional Human Research Board i,0.880851828,4.055999966112722e-06,template_field_rect_from_day6_ocr
FDA_1572_NCT04796896,FDA_1572,combined_moderate,1,db_sub_inv_names,controlled_synthetic_test_value,regex_only,PERSON,True,True,TP,redact,review,False,0.55,True,1.0,regex;ocr_coordinates,"< Ma OEE ESF UST Si ee eae
: Vlg 8c Sarge al eae oe react Seve: wae Se sp ay SA doe
- met dal pire Neon as ee ‘ Beg oes eco tty 2 Sh By",0.2135239205263158,2.938399995855434e-05,template_field_rect_from_day6_ocr
FDA_1572_NCT04796896,FDA_1572,combined_moderate,1,db_sub_inv_names,controlled_synthetic_test_value,hybrid_policy,PERSON,True,True,TP,redact,redact,True,0.7640571761578947,False,1.0,field_semantics;spacy_entity_ruler;ocr_coordinates,"< Ma OEE ESF UST Si ee eae
: Vlg 8c Sarge al eae oe react Seve: wae Se sp ay SA doe
- met dal pire Neon as ee ‘ Beg oes eco tty 2 Sh By",0.2135239205263158,0.0005398130000457968,template_field_rect_from_day6_ocr
FDA_1572_NCT04796896,FDA_1572,combined_moderate,1,db_prot_name_code,derived_from_actual_public_protocol_metadata,regex_only,CCI_PROTOCOL_ID,True,True,TP,redact,redact,True,0.94746846525,False,1.0,regex;ocr_coordinates,"mRNA-1273-P204 - A Phase 2/3, Three-Part, Open-Label, Dose-Escalation, Age De-escalation and Randomized, Observer-Blind, Placebo-Controlled Expansion Study to Evaluate the
Safety, Tolerability, Reactogenicity, and Effectiveness of mRNA-1273 SARS-CoV-2 Vaccine in Healthy Children 6 Months to Less Than 12 Years of Age",0.94746846525,5.4430999966825766e-05,template_field_rect_from_day6_ocr
FDA_1572_NCT04796896,FDA_1572,combined_moderate,1,db_prot_name_code,derived_from_actual_public_protocol_metadata,regex_only,CCI_STUDY_TITLE,True,False,FN,review,,False,0.0,False,0.0,,"mRNA-1273-P204 - A Phase 2/3, Three-Part, Open-Label, Dose-Escalation, Age De-escalation and Randomized, Observer-Blind, Placebo-Controlled Expansion Study to Evaluate the
Safety, Tolerability, Reactogenicity, and Effectiveness of mRNA-1273 SARS-CoV-2 Vaccine in Healthy Children 6 Months to Less Than 12 Years of Age",0.94746846525,5.4430999966825766e-05,template_field_rect_from_day6_ocr
FDA_1572_NCT04796896,FDA_1572,combined_moderate,1,db_prot_name_code,derived_from_actual_public_protocol_metadata,regex_only,PERSON,False,True,FP,,redact,False,0.94746846525,False,1.0,regex;ocr_coordinates,"mRNA-1273-P204 - A Phase 2/3, Three-Part, Open-Label, Dose-Escalation, Age De-escalation and Randomized, Observer-Blind, Placebo-Controlled Expansion Study to Evaluate the
Safety, Tolerability, Reactogenicity, and Effectiveness of mRNA-1273 SARS-CoV-2 Vaccine in Healthy Children 6 Months to Less Than 12 Years of Age",0.94746846525,5.4430999966825766e-05,template_field_rect_from_day6_ocr
FDA_1572_NCT04796896,FDA_1572,combined_moderate,1,db_prot_name_code,derived_from_actual_public_protocol_metadata,hybrid_policy,CCI_PROTOCOL_ID,True,True,TP,redact,redact,True,0.98739243166,False,1.0,regex;ocr_coordinates,"mRNA-1273-P204 - A Phase 2/3, Three-Part, Open-Label, Dose-Escalation, Age De-escalation and Randomized, Observer-Blind, Placebo-Controlled Expansion Study to Evaluate the
Safety, Tolerability, Reactogenicity, and Effectiveness of mRNA-1273 SARS-CoV-2 Vaccine in Healthy Children 6 Months to Less Than 12 Years of Age",0.94746846525,1.562300008117745e-05,template_field_rect_from_day6_ocr
FDA_1572_NCT04796896,FDA_1572,combined_moderate,1,db_prot_name_code,derived_from_actual_public_protocol_metadata,hybrid_policy,CCI_STUDY_TITLE,True,True,TP,review,review,True,0.98529117027,False,1.0,field_semantics;ocr_coordinates,"mRNA-1273-P204 - A Phase 2/3, Three-Part, Open-Label, Dose-Escalation, Age De-escalation and Randomized, Observer-Blind, Placebo-Controlled Expansion Study to Evaluate the
Safety, Tolerability, Reactogenicity, and Effectiveness of mRNA-1273 SARS-CoV-2 Vaccine in Healthy Children 6 Months to Less Than 12 Years of Age",0.94746846525,1.562300008117745e-05,template_field_rect_from_day6_ocr
FDA_1572_NCT04796896,FDA_1572,clean,2,db_sig_date,actual_public_protocol_metadata,regex_only,DATE,True,True,TP,review,review,True,0.95964745,False,1.0,regex;ocr_coordinates,08/04/2022,0.95964745,6.820999942647177e-06,template_field_rect_from_day6_ocr
FDA_1572_NCT04796896,FDA_1572,clean,2,db_sig_date,actual_public_protocol_metadata,hybrid_policy,DATE,True,True,TP,review,review,True,0.988701286,False,1.0,field_semantics;ocr_coordinates;regex,08/04/2022,0.95964745,7.271000072250899e-06,template_field_rect_from_day6_ocr
FDA_1572_NCT04796896,FDA_1572,rotation_1_5deg,2,db_sig_date,actual_public_protocol_metadata,regex_only,DATE,True,True,TP,review,review,True,0.9606914500000001,False,1.0,regex;ocr_coordinates,08/04/2022,0.9606914500000001,5.11799999003415e-06,template_field_rect_from_day6_ocr
FDA_1572_NCT04796896,FDA_1572,rotation_1_5deg,2,db_sig_date,actual_public_protocol_metadata,hybrid_policy,DATE,True,True,TP,review,review,True,0.988993606,False,1.0,field_semantics;ocr_coordinates;regex,08/04/2022,0.9606914500000001,6.2889999981052824e-06,template_field_rect_from_day6_ocr
FDA_1572_NCT04796896,FDA_1572,gaussian_blur,2,db_sig_date,actual_public_protocol_metadata,regex_only,DATE,True,True,TP,review,review,True,0.96699989,False,1.0,regex;ocr_coordinates,08/04/2022,0.96699989,4.9780001063481905e-06,template_field_rect_from_day6_ocr
FDA_1572_NCT04796896,FDA_1572,gaussian_blur,2,db_sig_date,actual_public_protocol_metadata,hybrid_policy,DATE,True,True,TP,review,review,True,0.99,False,1.0,field_semantics;ocr_coordinates;regex,08/04/2022,0.96699989,5.227999963608454e-06,template_field_rect_from_day6_ocr
FDA_1572_NCT04796896,FDA_1572,gaussian_noise,2,db_sig_date,actual_public_protocol_metadata,regex_only,DATE,True,True,TP,review,review,True,0.95908691,False,1.0,regex;ocr_coordinates,08/04/2022,0.95908691,4.737000040222483e-06,template_field_rect_from_day6_ocr
FDA_1572_NCT04796896,FDA_1572,gaussian_noise,2,db_sig_date,actual_public_protocol_metadata,hybrid_policy,DATE,True,True,TP,review,review,True,0.9885443348,False,1.0,field_semantics;ocr_coordinates;regex,08/04/2022,0.95908691,4.9379999609300285e-06,template_field_rect_from_day6_ocr
FDA_1572_NCT04796896,FDA_1572,low_contrast,2,db_sig_date,actual_public_protocol_metadata,regex_only,DATE,True,True,TP,review,review,True,0.95829193,False,1.0,regex;ocr_coordinates,08/04/2022,0.95829193,4.615999955603911e-06,template_field_rect_from_day6_ocr
FDA_1572_NCT04796896,FDA_1572,low_contrast,2,db_sig_date,actual_public_protocol_metadata,hybrid_policy,DATE,True,True,TP,review,review,True,0.9883217404,False,1.0,field_semantics;ocr_coordinates;regex,08/04/2022,0.95829193,5.007999902773008e-06,template_field_rect_from_day6_ocr
FDA_1572_NCT04796896,FDA_1572,directional_shadow,2,db_sig_date,actual_public_protocol_metadata,regex_only,DATE,True,True,TP,review,review,True,0.9586816399999999,False,1.0,regex;ocr_coordinates,08/04/2022,0.9586816399999999,4.627000066648179e-06,template_field_rect_from_day6_ocr
FDA_1572_NCT04796896,FDA_1572,directional_shadow,2,db_sig_date,actual_public_protocol_metadata,hybrid_policy,DATE,True,True,TP,review,review,True,0.9884308592,False,1.0,field_semantics;ocr_coordinates;regex,08/04/2022,0.9586816399999999,4.706999902737152e-06,template_field_rect_from_day6_ocr
FDA_1572_NCT04796896,FDA_1572,jpeg_compression,2,db_sig_date,actual_public_protocol_metadata,regex_only,DATE,True,True,TP,review,review,True,0.9607294500000001,False,1.0,regex;ocr_coordinates,08/04/2022,0.9607294500000001,4.555999908006925e-06,template_field_rect_from_day6_ocr
FDA_1572_NCT04796896,FDA_1572,jpeg_compression,2,db_sig_date,actual_public_protocol_metadata,hybrid_policy,DATE,True,True,TP,review,review,True,0.989004246,False,1.0,field_semantics;ocr_coordinates;regex,08/04/2022,0.9607294500000001,4.737000040222483e-06,template_field_rect_from_day6_ocr
FDA_1572_NCT04796896,FDA_1572,combined_moderate,2,db_sig_date,actual_public_protocol_metadata,regex_only,DATE,True,True,TP,review,review,True,0.9649372900000001,False,1.0,regex;ocr_coordinates,08/04/2022,0.9649372900000001,4.586999921230017e-06,template_field_rect_from_day6_ocr
FDA_1572_NCT04796896,FDA_1572,combined_moderate,2,db_sig_date,actual_public_protocol_metadata,hybrid_policy,DATE,True,True,TP,review,review,True,0.99,False,1.0,field_semantics;ocr_coordinates;regex,08/04/2022,0.9649372900000001,4.77699995826697e-06,template_field_rect_from_day6_ocr
FDA_3454_NCT04796896,FDA_3454,clean,1,topmostSubform[0].Page1[0].Subform1[0].appName[0],controlled_synthetic_test_value,regex_only,PERSON,True,True,TP,redact,redact,True,0.962990915,False,1.0,regex;ocr_coordinates,Taylor Rivera,0.962990915,2.7790999979515618e-05,template_field_rect_from_day6_ocr
FDA_3454_NCT04796896,FDA_3454,clean,1,topmostSubform[0].Page1[0].Subform1[0].appName[0],controlled_synthetic_test_value,hybrid_policy,PERSON,True,True,TP,redact,redact,True,0.9888972745,False,1.0,field_semantics;spacy_entity_ruler;ocr_coordinates,Taylor Rivera,0.962990915,0.00011537199998201686,template_field_rect_from_day6_ocr
FDA_3454_NCT04796896,FDA_3454,clean,1,topmostSubform[0].Page1[0].Subform1[0].appTitle[0],controlled_synthetic_test_value,regex_only,PERSON,False,True,FP,,redact,False,0.9650009433333334,False,1.0,regex;ocr_coordinates,Clinical Compliance Manager,0.9650009433333334,8.352000008926552e-06,template_field_rect_from_day6_ocr
FDA_3454_NCT04796896,FDA_3454,clean,1,topmostSubform[0].Page1[0].Subform1[0].appFirm[0],actual_public_protocol_metadata,regex_only,CCI_SPONSOR,True,False,FN,redact,,False,0.0,False,0.0,,"ModernaTlxX, Inc.",0.574513395,3.425000045353954e-06,template_field_rect_from_day6_ocr
FDA_3454_NCT04796896,FDA_3454,clean,1,topmostSubform[0].Page1[0].Subform1[0].appFirm[0],actual_public_protocol_metadata,hybrid_policy,CCI_SPONSOR,True,True,TP,redact,redact,True,0.8808637506,False,1.0,field_semantics;ocr_coordinates,"ModernaTlxX, Inc.",0.574513395,5.328000042936765e-06,template_field_rect_from_day6_ocr
FDA_3454_NCT04796896,FDA_3454,clean,1,topmostSubform[0].Page1[0].Subform1[0].appSigDate[0],actual_public_protocol_metadata,regex_only,DATE,True,True,TP,review,review,True,0.96632263,False,1.0,regex;ocr_coordinates,08/04/2022,0.96632263,6.02900001922535e-06,template_field_rect_from_day6_ocr
FDA_3454_NCT04796896,FDA_3454,clean,1,topmostSubform[0].Page1[0].Subform1[0].appSigDate[0],actual_public_protocol_metadata,hybrid_policy,DATE,True,True,TP,review,review,True,0.99,False,1.0,field_semantics;ocr_coordinates;regex,08/04/2022,0.96632263,6.350000035126868e-06,template_field_rect_from_day6_ocr
FDA_3454_NCT04796896,FDA_3454,clean,1,topmostSubform[0].Page1[0].Subform1[0].checkboxList[0].LI1[0].clinInvList[0].LI1[0].invName1[0],controlled_synthetic_test_value,regex_only,PERSON,True,True,TP,redact,redact,True,0.9590611800000001,False,1.0,regex;ocr_coordinates,"Omar Rahman, MD",0.9590611800000001,5.888999908165715e-06,template_field_rect_from_day6_ocr
FDA_3454_NCT04796896,FDA_3454,clean,1,topmostSubform[0].Page1[0].Subform1[0].checkboxList[0].LI1[0].clinInvList[0].LI1[0].invName1[0],controlled_synthetic_test_value,hybrid_policy,PERSON,True,True,TP,redact,redact,True,0.987718354,False,1.0,field_semantics;spacy_entity_ruler;ocr_coordinates,"Omar Rahman, MD",0.9590611800000001,6.578800002898788e-05,template_field_rect_from_day6_ocr
FDA_3454_NCT04796896,FDA_3454,clean,1,topmostSubform[0].Page1[0].Subform1[0].checkboxList[0].LI1[0].clinInvList[0].LI6[0].invName6[0],controlled_synthetic_test_value,regex_only,PERSON,True,True,TP,redact,redact,True,0.9577982566666668,False,1.0,regex;ocr_coordinates,"Leila Hassan, MD",0.9577982566666668,7.019999998192361e-06,template_field_rect_from_day6_ocr
FDA_3454_NCT04796896,FDA_3454,clean,1,topmostSubform[0].Page1[0].Subform1[0].checkboxList[0].LI1[0].clinInvList[0].LI6[0].invName6[0],controlled_synthetic_test_value,hybrid_policy,PERSON,True,True,TP,redact,redact,True,0.987339477,False,1.0,field_semantics;spacy_entity_ruler;ocr_coordinates,"Leila Hassan, MD",0.9577982566666668,0.00010678900002858427,template_field_rect_from_day6_ocr
FDA_3454_NCT04796896,FDA_3454,rotation_1_5deg,1,topmostSubform[0].Page1[0].Subform1[0].appName[0],controlled_synthetic_test_value,regex_only,PERSON,True,True,TP,redact,redact,True,0.96520241,False,1.0,regex;ocr_coordinates,Taylor Rivera,0.96520241,6.999999982326699e-06,template_field_rect_from_day6_ocr
FDA_3454_NCT04796896,FDA_3454,rotation_1_5deg,1,topmostSubform[0].Page1[0].Subform1[0].appName[0],controlled_synthetic_test_value,hybrid_policy,PERSON,True,True,TP,redact,redact,True,0.9895607229999999,False,1.0,field_semantics;spacy_entity_ruler;ocr_coordinates,Taylor Rivera,0.96520241,4.591800006892299e-05,template_field_rect_from_day6_ocr
FDA_3454_NCT04796896,FDA_3454,rotation_1_5deg,1,topmostSubform[0].Page1[0].Subform1[0].appTitle[0],controlled_synthetic_test_value,regex_only,PERSON,False,True,FP,,redact,False,0.9645326733333336,False,1.0,regex;ocr_coordinates,Clinical Compliance Manager,0.9645326733333336,7.341000014093879e-06,template_field_rect_from_day6_ocr
FDA_3454_NCT04796896,FDA_3454,rotation_1_5deg,1,topmostSubform[0].Page1[0].Subform1[0].appFirm[0],actual_public_protocol_metadata,regex_only,CCI_SPONSOR,True,False,FN,redact,,False,0.0,False,0.0,,"ModernalxX, Inc.",0.64346611,3.2240000109595712e-06,template_field_rect_from_day6_ocr
FDA_3454_NCT04796896,FDA_3454,rotation_1_5deg,1,topmostSubform[0].Page1[0].Subform1[0].appFirm[0],actual_public_protocol_metadata,hybrid_policy,CCI_SPONSOR,True,True,TP,redact,redact,True,0.9001705108,False,1.0,field_semantics;ocr_coordinates,"ModernalxX, Inc.",0.64346611,4.606999937095679e-06,template_field_rect_from_day6_ocr
FDA_3454_NCT04796896,FDA_3454,rotation_1_5deg,1,topmostSubform[0].Page1[0].Subform1[0].appSigDate[0],actual_public_protocol_metadata,regex_only,DATE,True,True,TP,review,review,True,0.96611931,False,1.0,regex;ocr_coordinates,08/04/2022,0.96611931,5.649000058838283e-06,template_field_rect_from_day6_ocr
FDA_3454_NCT04796896,FDA_3454,rotation_1_5deg,1,topmostSubform[0].Page1[0].Subform1[0].appSigDate[0],actual_public_protocol_metadata,hybrid_policy,DATE,True,True,TP,review,review,True,0.99,False,1.0,field_semantics;ocr_coordinates;regex,08/04/2022,0.96611931,6.02900001922535e-06,template_field_rect_from_day6_ocr
FDA_3454_NCT04796896,FDA_3454,rotation_1_5deg,1,topmostSubform[0].Page1[0].Subform1[0].checkboxList[0].LI1[0].clinInvList[0].LI1[0].invName1[0],controlled_synthetic_test_value,regex_only,PERSON,True,True,TP,redact,redact,True,0.9661679333333332,False,1.0,regex;ocr_coordinates,"Omar Rahman, MD",0.9661679333333332,5.7290000086140935e-06,template_field_rect_from_day6_ocr
FDA_3454_NCT04796896,FDA_3454,rotation_1_5deg,1,topmostSubform[0].Page1[0].Subform1[0].checkboxList[0].LI1[0].clinInvList[0].LI1[0].invName1[0],controlled_synthetic_test_value,hybrid_policy,PERSON,True,True,TP,redact,redact,True,0.9898503799999999,False,1.0,field_semantics;spacy_entity_ruler;ocr_coordinates,"Omar Rahman, MD",0.9661679333333332,5.221799995069887e-05,template_field_rect_from_day6_ocr
FDA_3454_NCT04796896,FDA_3454,rotation_1_5deg,1,topmostSubform[0].Page1[0].Subform1[0].checkboxList[0].LI1[0].clinInvList[0].LI6[0].invName6[0],controlled_synthetic_test_value,regex_only,PERSON,True,True,TP,redact,redact,True,0.9566646833333334,False,1.0,regex;ocr_coordinates,"Leila Hassan, MD",0.9566646833333334,6.650000045738125e-06,template_field_rect_from_day6_ocr
FDA_3454_NCT04796896,FDA_3454,rotation_1_5deg,1,topmostSubform[0].Page1[0].Subform1[0].checkboxList[0].LI1[0].clinInvList[0].LI6[0].invName6[0],controlled_synthetic_test_value,hybrid_policy,PERSON,True,True,TP,redact,redact,True,0.9869994049999999,False,1.0,field_semantics;spacy_entity_ruler;ocr_coordinates,"Leila Hassan, MD",0.9566646833333334,4.858299996612914e-05,template_field_rect_from_day6_ocr
FDA_3454_NCT04796896,FDA_3454,gaussian_blur,1,topmostSubform[0].Page1[0].Subform1[0].appName[0],controlled_synthetic_test_value,regex_only,PERSON,True,True,TP,redact,redact,True,0.96343792,False,1.0,regex;ocr_coordinates,Taylor Rivera,0.96343792,6.1990000403966405e-06,template_field_rect_from_day6_ocr
FDA_3454_NCT04796896,FDA_3454,gaussian_blur,1,topmostSubform[0].Page1[0].Subform1[0].appName[0],controlled_synthetic_test_value,hybrid_policy,PERSON,True,True,TP,redact,redact,True,0.9890313759999999,False,1.0,field_semantics;spacy_entity_ruler;ocr_coordinates,Taylor Rivera,0.96343792,3.936899997825094e-05,template_field_rect_from_day6_ocr
FDA_3454_NCT04796896,FDA_3454,gaussian_blur,1,topmostSubform[0].Page1[0].Subform1[0].appTitle[0],controlled_synthetic_test_value,regex_only,PERSON,False,True,FP,,redact,False,0.9652951299999999,False,1.0,regex;ocr_coordinates,Clinical Compliance Manager,0.9652951299999999,6.849999977021071e-06,template_field_rect_from_day6_ocr
FDA_3454_NCT04796896,FDA_3454,gaussian_blur,1,topmostSubform[0].Page1[0].Subform1[0].appFirm[0],actual_public_protocol_metadata,regex_only,CCI_SPONSOR,True,False,FN,redact,,False,0.0,False,0.0,,"ModernaTX, Inc.",0.8642599100000001,2.9039999844826525e-06,template_field_rect_from_day6_ocr
FDA_3454_NCT04796896,FDA_3454,gaussian_blur,1,topmostSubform[0].Page1[0].Subform1[0].appFirm[0],actual_public_protocol_metadata,hybrid_policy,CCI_SPONSOR,True,True,TP,redact,redact,True,0.9619927748,False,1.0,field_semantics;ocr_coordinates,"ModernaTX, Inc.",0.8642599100000001,4.195999963485519e-06,template_field_rect_from_day6_ocr
FDA_3454_NCT04796896,FDA_3454,gaussian_blur,1,topmostSubform[0].Page1[0].Subform1[0].appSigDate[0],actual_public_protocol_metadata,regex_only,DATE,True,True,TP,review,review,True,0.9630016299999999,False,1.0,regex;ocr_coordinates,08/04/2022,0.9630016299999999,5.489000045599823e-06,template_field_rect_from_day6_ocr
FDA_3454_NCT04796896,FDA_3454,gaussian_blur,1,topmostSubform[0].Page1[0].Subform1[0].appSigDate[0],actual_public_protocol_metadata,hybrid_policy,DATE,True,True,TP,review,review,True,0.9896404564,False,1.0,field_semantics;ocr_coordinates;regex,08/04/2022,0.9630016299999999,5.767999937233981e-06,template_field_rect_from_day6_ocr
FDA_3454_NCT04796896,FDA_3454,gaussian_blur,1,topmostSubform[0].Page1[0].Subform1[0].checkboxList[0].LI1[0].clinInvList[0].LI1[0].invName1[0],controlled_synthetic_test_value,regex_only,PERSON,True,True,TP,redact,redact,True,0.9617831433333331,False,1.0,regex;ocr_coordinates,"Omar Rahman, MD",0.9617831433333331,5.278000003272609e-06,template_field_rect_from_day6_ocr
FDA_3454_NCT04796896,FDA_3454,gaussian_blur,1,topmostSubform[0].Page1[0].Subform1[0].checkboxList[0].LI1[0].clinInvList[0].LI1[0].invName1[0],controlled_synthetic_test_value,hybrid_policy,PERSON,True,True,TP,redact,redact,True,0.9885349429999999,False,1.0,field_semantics;spacy_entity_ruler;ocr_coordinates,"Omar Rahman, MD",0.9617831433333331,4.901299996618036e-05,template_field_rect_from_day6_ocr
FDA_3454_NCT04796896,FDA_3454,gaussian_blur,1,topmostSubform[0].Page1[0].Subform1[0].checkboxList[0].LI1[0].clinInvList[0].LI6[0].invName6[0],controlled_synthetic_test_value,regex_only,PERSON,True,True,TP,redact,redact,True,0.9657089733333332,False,1.0,regex;ocr_coordinates,"Leila Hassan, MD",0.9657089733333332,6.159000008665316e-06,template_field_rect_from_day6_ocr
FDA_3454_NCT04796896,FDA_3454,gaussian_blur,1,topmostSubform[0].Page1[0].Subform1[0].checkboxList[0].LI1[0].clinInvList[0].LI6[0].invName6[0],controlled_synthetic_test_value,hybrid_policy,PERSON,True,True,TP,redact,redact,True,0.9897126919999999,False,1.0,field_semantics;spacy_entity_ruler;ocr_coordinates,"Leila Hassan, MD",0.9657089733333332,4.86019999925702e-05,template_field_rect_from_day6_ocr
FDA_3454_NCT04796896,FDA_3454,gaussian_noise,1,topmostSubform[0].Page1[0].Subform1[0].appName[0],controlled_synthetic_test_value,regex_only,PERSON,True,True,TP,redact,redact,True,0.96732742,False,1.0,regex;ocr_coordinates,Taylor Rivera,0.96732742,6.02900001922535e-06,template_field_rect_from_day6_ocr
FDA_3454_NCT04796896,FDA_3454,gaussian_noise,1,topmostSubform[0].Page1[0].Subform1[0].appName[0],controlled_synthetic_test_value,hybrid_policy,PERSON,True,True,TP,redact,redact,True,0.99,False,1.0,field_semantics;spacy_entity_ruler;ocr_coordinates,Taylor Rivera,0.96732742,4.008999997040519e-05,template_field_rect_from_day6_ocr
FDA_3454_NCT04796896,FDA_3454,gaussian_noise,1,topmostSubform[0].Page1[0].Subform1[0].appTitle[0],controlled_synthetic_test_value,regex_only,PERSON,False,True,FP,,redact,False,0.9656231166666668,False,1.0,regex;ocr_coordinates,Clinical Compliance Manager,0.9656231166666668,6.699999971715442e-06,template_field_rect_from_day6_ocr
FDA_3454_NCT04796896,FDA_3454,gaussian_noise,1,topmostSubform[0].Page1[0].Subform1[0].appFirm[0],actual_public_protocol_metadata,regex_only,CCI_SPONSOR,True,False,FN,redact,,False,0.0,False,0.0,,"ModernalX, Inc.",0.769852525,2.8340000426396728e-06,template_field_rect_from_day6_ocr
FDA_3454_NCT04796896,FDA_3454,gaussian_noise,1,topmostSubform[0].Page1[0].Subform1[0].appFirm[0],actual_public_protocol_metadata,hybrid_policy,CCI_SPONSOR,True,True,TP,redact,redact,True,0.935558707,False,1.0,field_semantics;ocr_coordinates,"ModernalX, Inc.",0.769852525,4.366999974081409e-06,template_field_rect_from_day6_ocr
FDA_3454_NCT04796896,FDA_3454,gaussian_noise,1,topmostSubform[0].Page1[0].Subform1[0].appSigDate[0],actual_public_protocol_metadata,regex_only,DATE,True,True,TP,review,review,True,0.9668187,False,1.0,regex;ocr_coordinates,08/04/2022,0.9668187,5.3080000270711025e-06,template_field_rect_from_day6_ocr
FDA_3454_NCT04796896,FDA_3454,gaussian_noise,1,topmostSubform[0].Page1[0].Subform1[0].appSigDate[0],actual_public_protocol_metadata,hybrid_policy,DATE,True,True,TP,review,review,True,0.99,False,1.0,field_semantics;ocr_coordinates;regex,08/04/2022,0.9668187,5.787999953099643e-06,template_field_rect_from_day6_ocr
FDA_3454_NCT04796896,FDA_3454,gaussian_noise,1,topmostSubform[0].Page1[0].Subform1[0].checkboxList[0].LI1[0].clinInvList[0].LI1[0].invName1[0],controlled_synthetic_test_value,regex_only,PERSON,True,True,TP,redact,redact,True,0.9612569166666668,False,1.0,regex;ocr_coordinates,"Omar Rahman, MD",0.9612569166666668,5.297000029713672e-06,template_field_rect_from_day6_ocr
FDA_3454_NCT04796896,FDA_3454,gaussian_noise,1,topmostSubform[0].Page1[0].Subform1[0].checkboxList[0].LI1[0].clinInvList[0].LI1[0].invName1[0],controlled_synthetic_test_value,hybrid_policy,PERSON,True,True,TP,redact,redact,True,0.988377075,False,1.0,field_semantics;spacy_entity_ruler;ocr_coordinates,"Omar Rahman, MD",0.9612569166666668,4.8722999963501934e-05,template_field_rect_from_day6_ocr
FDA_3454_NCT04796896,FDA_3454,gaussian_noise,1,topmostSubform[0].Page1[0].Subform1[0].checkboxList[0].LI1[0].clinInvList[0].LI6[0].invName6[0],controlled_synthetic_test_value,regex_only,PERSON,True,True,TP,redact,redact,True,0.9563047266666668,False,1.0,regex;ocr_coordinates,"Leila Hassan, MD",0.9563047266666668,6.1990000403966405e-06,template_field_rect_from_day6_ocr
FDA_3454_NCT04796896,FDA_3454,gaussian_noise,1,topmostSubform[0].Page1[0].Subform1[0].checkboxList[0].LI1[0].clinInvList[0].LI6[0].invName6[0],controlled_synthetic_test_value,hybrid_policy,PERSON,True,True,TP,redact,redact,True,0.9868914179999999,False,1.0,field_semantics;spacy_entity_ruler;ocr_coordinates,"Leila Hassan, MD",0.9563047266666668,4.4516999992083583e-05,template_field_rect_from_day6_ocr
FDA_3454_NCT04796896,FDA_3454,low_contrast,1,topmostSubform[0].Page1[0].Subform1[0].appName[0],controlled_synthetic_test_value,regex_only,PERSON,True,True,TP,redact,redact,True,0.96531475,False,1.0,regex;ocr_coordinates,Taylor Rivera,0.96531475,5.7190000006812625e-06,template_field_rect_from_day6_ocr
FDA_3454_NCT04796896,FDA_3454,low_contrast,1,topmostSubform[0].Page1[0].Subform1[0].appName[0],controlled_synthetic_test_value,hybrid_policy,PERSON,True,True,TP,redact,redact,True,0.9895944249999999,False,1.0,field_semantics;spacy_entity_ruler;ocr_coordinates,Taylor Rivera,0.96531475,3.600299999106937e-05,template_field_rect_from_day6_ocr
FDA_3454_NCT04796896,FDA_3454,low_contrast,1,topmostSubform[0].Page1[0].Subform1[0].appTitle[0],controlled_synthetic_test_value,regex_only,PERSON,False,True,FP,,redact,False,0.96575948,False,1.0,regex;ocr_coordinates,Clinical Compliance Manager,0.96575948,6.42899999547808e-06,template_field_rect_from_day6_ocr
FDA_3454_NCT04796896,FDA_3454,low_contrast,1,topmostSubform[0].Page1[0].Subform1[0].appFirm[0],actual_public_protocol_metadata,regex_only,CCI_SPONSOR,True,False,FN,redact,,False,0.0,False,0.0,,"ModernalX, Inc.",0.776919615,3.185000082339684e-06,template_field_rect_from_day6_ocr
FDA_3454_NCT04796896,FDA_3454,low_contrast,1,topmostSubform[0].Page1[0].Subform1[0].appFirm[0],actual_public_protocol_metadata,hybrid_policy,CCI_SPONSOR,True,True,TP,redact,redact,True,0.9375374921999999,False,1.0,field_semantics;ocr_coordinates,"ModernalX, Inc.",0.776919615,4.557000011118362e-06,template_field_rect_from_day6_ocr
FDA_3454_NCT04796896,FDA_3454,low_contrast,1,topmostSubform[0].Page1[0].Subform1[0].appSigDate[0],actual_public_protocol_metadata,regex_only,DATE,True,True,TP,review,review,True,0.96542259,False,1.0,regex;ocr_coordinates,08/04/2022,0.96542259,5.097999974168488e-06,template_field_rect_from_day6_ocr
FDA_3454_NCT04796896,FDA_3454,low_contrast,1,topmostSubform[0].Page1[0].Subform1[0].appSigDate[0],actual_public_protocol_metadata,hybrid_policy,DATE,True,True,TP,review,review,True,0.99,False,1.0,field_semantics;ocr_coordinates;regex,08/04/2022,0.96542259,5.489000045599823e-06,template_field_rect_from_day6_ocr
FDA_3454_NCT04796896,FDA_3454,low_contrast,1,topmostSubform[0].Page1[0].Subform1[0].checkboxList[0].LI1[0].clinInvList[0].LI1[0].invName1[0],controlled_synthetic_test_value,regex_only,PERSON,True,True,TP,redact,redact,True,0.95268906,False,1.0,regex;ocr_coordinates,"Omar Rahman, MD",0.95268906,5.067000074632233e-06,template_field_rect_from_day6_ocr
FDA_3454_NCT04796896,FDA_3454,low_contrast,1,topmostSubform[0].Page1[0].Subform1[0].checkboxList[0].LI1[0].clinInvList[0].LI1[0].invName1[0],controlled_synthetic_test_value,hybrid_policy,PERSON,True,True,TP,redact,redact,True,0.9858067179999999,False,1.0,field_semantics;spacy_entity_ruler;ocr_coordinates,"Omar Rahman, MD",0.95268906,4.722000005585869e-05,template_field_rect_from_day6_ocr
FDA_3454_NCT04796896,FDA_3454,low_contrast,1,topmostSubform[0].Page1[0].Subform1[0].checkboxList[0].LI1[0].clinInvList[0].LI6[0].invName6[0],controlled_synthetic_test_value,regex_only,PERSON,True,True,TP,redact,redact,True,0.9578018466666669,False,1.0,regex;ocr_coordinates,"Leila Hassan, MD",0.9578018466666669,6.310000003395544e-06,template_field_rect_from_day6_ocr
FDA_3454_NCT04796896,FDA_3454,low_contrast,1,topmostSubform[0].Page1[0].Subform1[0].checkboxList[0].LI1[0].clinInvList[0].LI6[0].invName6[0],controlled_synthetic_test_value,hybrid_policy,PERSON,True,True,TP,redact,redact,True,0.987340554,False,1.0,field_semantics;spacy_entity_ruler;ocr_coordinates,"Leila Hassan, MD",0.9578018466666669,4.29030000077546e-05,template_field_rect_from_day6_ocr
FDA_3454_NCT04796896,FDA_3454,directional_shadow,1,topmostSubform[0].Page1[0].Subform1[0].appName[0],controlled_synthetic_test_value,regex_only,PERSON,True,True,TP,redact,redact,True,0.96109993,False,1.0,regex;ocr_coordinates,Taylor Rivera,0.96109993,6.09899996106833e-06,template_field_rect_from_day6_ocr
FDA_3454_NCT04796896,FDA_3454,directional_shadow,1,topmostSubform[0].Page1[0].Subform1[0].appName[0],controlled_synthetic_test_value,hybrid_policy,PERSON,True,True,TP,redact,redact,True,0.988329979,False,1.0,field_semantics;spacy_entity_ruler;ocr_coordinates,Taylor Rivera,0.96109993,3.589299990380823e-05,template_field_rect_from_day6_ocr
FDA_3454_NCT04796896,FDA_3454,directional_shadow,1,topmostSubform[0].Page1[0].Subform1[0].appTitle[0],controlled_synthetic_test_value,regex_only,PERSON,False,True,FP,,redact,False,0.9634193433333331,False,1.0,regex;ocr_coordinates,Clinical Compliance Manager,0.9634193433333331,6.579999990208307e-06,template_field_rect_from_day6_ocr
FDA_3454_NCT04796896,FDA_3454,directional_shadow,1,topmostSubform[0].Page1[0].Subform1[0].appFirm[0],actual_public_protocol_metadata,regex_only,CCI_SPONSOR,True,False,FN,redact,,False,0.0,False,0.0,,"ModernaT x, Inc.",0.6212591533333334,3.265000032115495e-06,template_field_rect_from_day6_ocr
FDA_3454_NCT04796896,FDA_3454,directional_shadow,1,topmostSubform[0].Page1[0].Subform1[0].appFirm[0],actual_public_protocol_metadata,hybrid_policy,CCI_SPONSOR,True,True,TP,redact,redact,True,0.8939525629333334,False,1.0,field_semantics;ocr_coordinates,"ModernaT x, Inc.",0.6212591533333334,4.166000053373864e-06,template_field_rect_from_day6_ocr
FDA_3454_NCT04796896,FDA_3454,directional_shadow,1,topmostSubform[0].Page1[0].Subform1[0].appSigDate[0],actual_public_protocol_metadata,regex_only,DATE,True,True,TP,review,review,True,0.96437378,False,1.0,regex;ocr_coordinates,08/04/2022,0.96437378,5.247999979474116e-06,template_field_rect_from_day6_ocr
FDA_3454_NCT04796896,FDA_3454,directional_shadow,1,topmostSubform[0].Page1[0].Subform1[0].appSigDate[0],actual_public_protocol_metadata,hybrid_policy,DATE,True,True,TP,review,review,True,0.99,False,1.0,field_semantics;ocr_coordinates;regex,08/04/2022,0.96437378,6.159000008665316e-06,template_field_rect_from_day6_ocr
FDA_3454_NCT04796896,FDA_3454,directional_shadow,1,topmostSubform[0].Page1[0].Subform1[0].checkboxList[0].LI1[0].clinInvList[0].LI1[0].invName1[0],controlled_synthetic_test_value,regex_only,PERSON,True,True,TP,redact,redact,True,0.9641502633333334,False,1.0,regex;ocr_coordinates,"Omar Rahman, MD",0.9641502633333334,5.428000008578238e-06,template_field_rect_from_day6_ocr
FDA_3454_NCT04796896,FDA_3454,directional_shadow,1,topmostSubform[0].Page1[0].Subform1[0].checkboxList[0].LI1[0].clinInvList[0].LI1[0].invName1[0],controlled_synthetic_test_value,hybrid_policy,PERSON,True,True,TP,redact,redact,True,0.989245079,False,1.0,field_semantics;spacy_entity_ruler;ocr_coordinates,"Omar Rahman, MD",0.9641502633333334,8.502599996518256e-05,template_field_rect_from_day6_ocr
FDA_3454_NCT04796896,FDA_3454,directional_shadow,1,topmostSubform[0].Page1[0].Subform1[0].checkboxList[0].LI1[0].clinInvList[0].LI6[0].invName6[0],controlled_synthetic_test_value,regex_only,PERSON,True,True,TP,redact,redact,True,0.9561337533333334,False,1.0,regex;ocr_coordinates,"Leila Hassan, MD",0.9561337533333334,7.931999903121323e-06,template_field_rect_from_day6_ocr
FDA_3454_NCT04796896,FDA_3454,directional_shadow,1,topmostSubform[0].Page1[0].Subform1[0].checkboxList[0].LI1[0].clinInvList[0].LI6[0].invName6[0],controlled_synthetic_test_value,hybrid_policy,PERSON,True,True,TP,redact,redact,True,0.9868401259999999,False,1.0,field_semantics;spacy_entity_ruler;ocr_coordinates,"Leila Hassan, MD",0.9561337533333334,0.00013018399999964458,template_field_rect_from_day6_ocr
FDA_3454_NCT04796896,FDA_3454,jpeg_compression,1,topmostSubform[0].Page1[0].Subform1[0].appName[0],controlled_synthetic_test_value,regex_only,PERSON,True,True,TP,redact,redact,True,0.9612484000000001,False,1.0,regex;ocr_coordinates,Taylor Rivera,0.9612484000000001,9.01400005659525e-06,template_field_rect_from_day6_ocr
FDA_3454_NCT04796896,FDA_3454,jpeg_compression,1,topmostSubform[0].Page1[0].Subform1[0].appName[0],controlled_synthetic_test_value,hybrid_policy,PERSON,True,True,TP,redact,redact,True,0.98837452,False,1.0,field_semantics;spacy_entity_ruler;ocr_coordinates,Taylor Rivera,0.9612484000000001,5.670400003054965e-05,template_field_rect_from_day6_ocr
FDA_3454_NCT04796896,FDA_3454,jpeg_compression,1,topmostSubform[0].Page1[0].Subform1[0].appTitle[0],controlled_synthetic_test_value,regex_only,PERSON,False,True,FP,,redact,False,0.9639709466666666,False,1.0,regex;ocr_coordinates,Clinical Compliance Manager,0.9639709466666666,8.062000006248127e-06,template_field_rect_from_day6_ocr
FDA_3454_NCT04796896,FDA_3454,jpeg_compression,1,topmostSubform[0].Page1[0].Subform1[0].appFirm[0],actual_public_protocol_metadata,regex_only,CCI_SPONSOR,True,False,FN,redact,,False,0.0,False,0.0,,"ModernaTlX, Inc.",0.6527676750000001,3.2049999845185084e-06,template_field_rect_from_day6_ocr
FDA_3454_NCT04796896,FDA_3454,jpeg_compression,1,topmostSubform[0].Page1[0].Subform1[0].appFirm[0],actual_public_protocol_metadata,hybrid_policy,CCI_SPONSOR,True,True,TP,redact,redact,True,0.902774949,False,1.0,field_semantics;ocr_coordinates,"ModernaTlX, Inc.",0.6527676750000001,4.937000085192267e-06,template_field_rect_from_day6_ocr
FDA_3454_NCT04796896,FDA_3454,jpeg_compression,1,topmostSubform[0].Page1[0].Subform1[0].appSigDate[0],actual_public_protocol_metadata,regex_only,DATE,True,True,TP,review,review,True,0.96566231,False,1.0,regex;ocr_coordinates,08/04/2022,0.96566231,6.3590000536351e-06,template_field_rect_from_day6_ocr
FDA_3454_NCT04796896,FDA_3454,jpeg_compression,1,topmostSubform[0].Page1[0].Subform1[0].appSigDate[0],actual_public_protocol_metadata,hybrid_policy,DATE,True,True,TP,review,review,True,0.99,False,1.0,field_semantics;ocr_coordinates;regex,08/04/2022,0.96566231,6.450000000768341e-06,template_field_rect_from_day6_ocr
FDA_3454_NCT04796896,FDA_3454,jpeg_compression,1,topmostSubform[0].Page1[0].Subform1[0].checkboxList[0].LI1[0].clinInvList[0].LI1[0].invName1[0],controlled_synthetic_test_value,regex_only,PERSON,True,True,TP,redact,redact,True,0.9643850933333331,False,1.0,regex;ocr_coordinates,"Omar Rahman, MD",0.9643850933333331,5.998999995426857e-06,template_field_rect_from_day6_ocr
FDA_3454_NCT04796896,FDA_3454,jpeg_compression,1,topmostSubform[0].Page1[0].Subform1[0].checkboxList[0].LI1[0].clinInvList[0].LI1[0].invName1[0],controlled_synthetic_test_value,hybrid_policy,PERSON,True,True,TP,redact,redact,True,0.9893155279999999,False,1.0,field_semantics;spacy_entity_ruler;ocr_coordinates,"Omar Rahman, MD",0.9643850933333331,5.751499998041254e-05,template_field_rect_from_day6_ocr
FDA_3454_NCT04796896,FDA_3454,jpeg_compression,1,topmostSubform[0].Page1[0].Subform1[0].checkboxList[0].LI1[0].clinInvList[0].LI6[0].invName6[0],controlled_synthetic_test_value,regex_only,PERSON,True,True,TP,redact,redact,True,0.95897044,False,1.0,regex;ocr_coordinates,"Leila Hassan, MD",0.95897044,6.769999913558422e-06,template_field_rect_from_day6_ocr
FDA_3454_NCT04796896,FDA_3454,jpeg_compression,1,topmostSubform[0].Page1[0].Subform1[0].checkboxList[0].LI1[0].clinInvList[0].LI6[0].invName6[0],controlled_synthetic_test_value,hybrid_policy,PERSON,True,True,TP,redact,redact,True,0.9876911319999999,False,1.0,field_semantics;spacy_entity_ruler;ocr_coordinates,"Leila Hassan, MD",0.95897044,4.79610000638786e-05,template_field_rect_from_day6_ocr
FDA_3454_NCT04796896,FDA_3454,combined_moderate,1,topmostSubform[0].Page1[0].Subform1[0].appName[0],controlled_synthetic_test_value,regex_only,PERSON,True,True,TP,redact,redact,True,0.9653427550000001,False,1.0,regex;ocr_coordinates,Taylor Rivera,0.9653427550000001,6.349000045702269e-06,template_field_rect_from_day6_ocr
FDA_3454_NCT04796896,FDA_3454,combined_moderate,1,topmostSubform[0].Page1[0].Subform1[0].appName[0],controlled_synthetic_test_value,hybrid_policy,PERSON,True,True,TP,redact,redact,True,0.9896028265,False,1.0,field_semantics;spacy_entity_ruler;ocr_coordinates,Taylor Rivera,0.9653427550000001,3.8497999980791064e-05,template_field_rect_from_day6_ocr
FDA_3454_NCT04796896,FDA_3454,combined_moderate,1,topmostSubform[0].Page1[0].Subform1[0].appTitle[0],controlled_synthetic_test_value,regex_only,PERSON,False,True,FP,,redact,False,0.9645549766666666,False,1.0,regex;ocr_coordinates,Clinical Compliance Manager,0.9645549766666666,6.890000008752395e-06,template_field_rect_from_day6_ocr
FDA_3454_NCT04796896,FDA_3454,combined_moderate,1,topmostSubform[0].Page1[0].Subform1[0].appFirm[0],actual_public_protocol_metadata,regex_only,CCI_SPONSOR,True,False,FN,redact,,False,0.0,False,0.0,,"ModernaT xX, Inc.",0.7020836633333333,3.374999892002961e-06,template_field_rect_from_day6_ocr
FDA_3454_NCT04796896,FDA_3454,combined_moderate,1,topmostSubform[0].Page1[0].Subform1[0].appFirm[0],actual_public_protocol_metadata,hybrid_policy,CCI_SPONSOR,True,True,TP,redact,redact,True,0.9165834257333333,False,1.0,field_semantics;ocr_coordinates,"ModernaT xX, Inc.",0.7020836633333333,4.466999939722882e-06,template_field_rect_from_day6_ocr
FDA_3454_NCT04796896,FDA_3454,combined_moderate,1,topmostSubform[0].Page1[0].Subform1[0].appSigDate[0],actual_public_protocol_metadata,regex_only,DATE,True,True,TP,review,review,True,0.9674157700000001,False,1.0,regex;ocr_coordinates,08/04/2022,0.9674157700000001,5.448999900181661e-06,template_field_rect_from_day6_ocr
FDA_3454_NCT04796896,FDA_3454,combined_moderate,1,topmostSubform[0].Page1[0].Subform1[0].appSigDate[0],actual_public_protocol_metadata,hybrid_policy,DATE,True,True,TP,review,review,True,0.99,False,1.0,field_semantics;ocr_coordinates;regex,08/04/2022,0.9674157700000001,5.998999995426857e-06,template_field_rect_from_day6_ocr
FDA_3454_NCT04796896,FDA_3454,combined_moderate,1,topmostSubform[0].Page1[0].Subform1[0].checkboxList[0].LI1[0].clinInvList[0].LI1[0].invName1[0],controlled_synthetic_test_value,regex_only,PERSON,True,True,TP,redact,redact,True,0.95953845,False,1.0,regex;ocr_coordinates,"Omar Rahman, MD",0.95953845,5.5279999742197106e-06,template_field_rect_from_day6_ocr
FDA_3454_NCT04796896,FDA_3454,combined_moderate,1,topmostSubform[0].Page1[0].Subform1[0].checkboxList[0].LI1[0].clinInvList[0].LI1[0].invName1[0],controlled_synthetic_test_value,hybrid_policy,PERSON,True,True,TP,redact,redact,True,0.987861535,False,1.0,field_semantics;spacy_entity_ruler;ocr_coordinates,"Omar Rahman, MD",0.95953845,5.012400004034134e-05,template_field_rect_from_day6_ocr
FDA_3454_NCT04796896,FDA_3454,combined_moderate,1,topmostSubform[0].Page1[0].Subform1[0].checkboxList[0].LI1[0].clinInvList[0].LI6[0].invName6[0],controlled_synthetic_test_value,regex_only,PERSON,True,True,TP,redact,redact,True,0.9620975766666667,False,1.0,regex;ocr_coordinates,"Leila Hassan, MD",0.9620975766666667,6.348999932015431e-06,template_field_rect_from_day6_ocr
FDA_3454_NCT04796896,FDA_3454,combined_moderate,1,topmostSubform[0].Page1[0].Subform1[0].checkboxList[0].LI1[0].clinInvList[0].LI6[0].invName6[0],controlled_synthetic_test_value,hybrid_policy,PERSON,True,True,TP,redact,redact,True,0.9886292729999999,False,1.0,field_semantics;spacy_entity_ruler;ocr_coordinates,"Leila Hassan, MD",0.9620975766666667,4.643900001610746e-05,template_field_rect_from_day6_ocr
FDA_3455_NCT04796896,FDA_3455,clean,1,topmostSubform[0].Page1[0].invesname[0],controlled_synthetic_test_value,regex_only,PERSON,True,True,TP,redact,redact,True,0.9647189333333334,False,1.0,regex;ocr_coordinates,"Omar Rahman, MD",0.9647189333333334,6.159000008665316e-06,template_field_rect_from_day6_ocr
FDA_3455_NCT04796896,FDA_3455,clean,1,topmostSubform[0].Page1[0].invesname[0],controlled_synthetic_test_value,hybrid_policy,PERSON,True,True,TP,redact,redact,True,0.98941568,False,1.0,field_semantics;spacy_entity_ruler;ocr_coordinates,"Omar Rahman, MD",0.9647189333333334,4.4345999981487694e-05,template_field_rect_from_day6_ocr
FDA_3455_NCT04796896,FDA_3455,clean,1,topmostSubform[0].Page1[0].nameofstudy[0],derived_from_actual_public_protocol_metadata,regex_only,CCI_PROTOCOL_ID,True,True,TP,redact,redact,True,0.9007656916666669,False,1.0,regex;ocr_coordinates,MRNA-1273-P204: Phase 2/3 Pediatric Vaccine Study,0.9007656916666669,1.4420999946196389e-05,template_field_rect_from_day6_ocr
FDA_3455_NCT04796896,FDA_3455,clean,1,topmostSubform[0].Page1[0].nameofstudy[0],derived_from_actual_public_protocol_metadata,regex_only,CCI_STUDY_TITLE,True,False,FN,review,,False,0.0,False,0.0,,MRNA-1273-P204: Phase 2/3 Pediatric Vaccine Study,0.9007656916666669,1.4420999946196389e-05,template_field_rect_from_day6_ocr
FDA_3455_NCT04796896,FDA_3455,clean,1,topmostSubform[0].Page1[0].nameofstudy[0],derived_from_actual_public_protocol_metadata,regex_only,PERSON,False,True,FP,,redact,False,0.9007656916666669,False,1.0,regex;ocr_coordinates,MRNA-1273-P204: Phase 2/3 Pediatric Vaccine Study,0.9007656916666669,1.4420999946196389e-05,template_field_rect_from_day6_ocr
FDA_3455_NCT04796896,FDA_3455,clean,1,topmostSubform[0].Page1[0].nameofstudy[0],derived_from_actual_public_protocol_metadata,hybrid_policy,CCI_PROTOCOL_ID,True,True,TP,redact,redact,True,0.976183766,False,1.0,regex;ocr_coordinates,MRNA-1273-P204: Phase 2/3 Pediatric Vaccine Study,0.9007656916666669,9.162999958789442e-06,template_field_rect_from_day6_ocr
FDA_3455_NCT04796896,FDA_3455,clean,1,topmostSubform[0].Page1[0].nameofstudy[0],derived_from_actual_public_protocol_metadata,hybrid_policy,CCI_STUDY_TITLE,True,True,TP,review,review,True,0.9722143936666667,False,1.0,field_semantics;ocr_coordinates,MRNA-1273-P204: Phase 2/3 Pediatric Vaccine Study,0.9007656916666669,9.162999958789442e-06,template_field_rect_from_day6_ocr
FDA_3455_NCT04796896,FDA_3455,clean,1,topmostSubform[0].Page1[0].nameofstudy2[0],derived_from_actual_public_protocol_metadata,regex_only,CCI_STUDY_TITLE,True,False,FN,review,,False,0.0,False,0.0,,Children 6 Months to Less Than 12 Years (NCT04796896),0.9540308377777778,1.1437000011937926e-05,template_field_rect_from_day6_ocr
FDA_3455_NCT04796896,FDA_3455,clean,1,topmostSubform[0].Page1[0].nameofstudy2[0],derived_from_actual_public_protocol_metadata,regex_only,PERSON,False,True,FP,,redact,False,0.9540308377777778,False,1.0,regex;ocr_coordinates,Children 6 Months to Less Than 12 Years (NCT04796896),0.9540308377777778,1.1437000011937926e-05,template_field_rect_from_day6_ocr
FDA_3455_NCT04796896,FDA_3455,clean,1,topmostSubform[0].Page1[0].nameofstudy2[0],derived_from_actual_public_protocol_metadata,hybrid_policy,CCI_STUDY_TITLE,True,True,TP,review,review,True,0.9871286345777778,False,1.0,field_semantics;ocr_coordinates,Children 6 Months to Less Than 12 Years (NCT04796896),0.9540308377777778,5.708000003323832e-06,template_field_rect_from_day6_ocr
FDA_3455_NCT04796896,FDA_3455,clean,1,topmostSubform[0].Page1[0].appFirm[0],actual_public_protocol_metadata,regex_only,CCI_SPONSOR,True,False,FN,redact,,False,0.0,False,0.0,,"ModernaTX, Inc.",0.581266405,2.733999963311362e-06,template_field_rect_from_day6_ocr
FDA_3455_NCT04796896,FDA_3455,clean,1,topmostSubform[0].Page1[0].appFirm[0],actual_public_protocol_metadata,hybrid_policy,CCI_SPONSOR,True,True,TP,redact,redact,True,0.8827545934000001,False,1.0,field_semantics;ocr_coordinates,"ModernaTX, Inc.",0.581266405,4.476999947655713e-06,template_field_rect_from_day6_ocr
FDA_3455_NCT04796896,FDA_3455,clean,1,topmostSubform[0].Page1[0].appSigDate[0],actual_public_protocol_metadata,regex_only,DATE,True,True,TP,review,review,True,0.96503136,False,1.0,regex;ocr_coordinates,08/04/2022,0.96503136,5.5090000614654855e-06,template_field_rect_from_day6_ocr
FDA_3455_NCT04796896,FDA_3455,clean,1,topmostSubform[0].Page1[0].appSigDate[0],actual_public_protocol_metadata,hybrid_policy,DATE,True,True,TP,review,review,True,0.99,False,1.0,field_semantics;ocr_coordinates;regex,08/04/2022,0.96503136,7.2509999426983995e-06,template_field_rect_from_day6_ocr
FDA_3455_NCT04796896,FDA_3455,rotation_1_5deg,1,topmostSubform[0].Page1[0].invesname[0],controlled_synthetic_test_value,regex_only,PERSON,True,True,TP,redact,redact,True,0.96409935,False,1.0,regex;ocr_coordinates,"Omar Rahman, MD",0.96409935,5.328000042936765e-06,template_field_rect_from_day6_ocr
FDA_3455_NCT04796896,FDA_3455,rotation_1_5deg,1,topmostSubform[0].Page1[0].invesname[0],controlled_synthetic_test_value,hybrid_policy,PERSON,True,True,TP,redact,redact,True,0.9892298049999999,False,1.0,field_semantics;spacy_entity_ruler;ocr_coordinates,"Omar Rahman, MD",0.96409935,5.4009999985282775e-05,template_field_rect_from_day6_ocr
FDA_3455_NCT04796896,FDA_3455,rotation_1_5deg,1,topmostSubform[0].Page1[0].nameofstudy[0],derived_from_actual_public_protocol_metadata,regex_only,CCI_PROTOCOL_ID,True,True,TP,redact,redact,True,0.8776127100000001,False,1.0,regex;ocr_coordinates,mMRNA-1273-P204: Phase 2/3 Pediatric Vaccine Study,0.8776127100000001,1.38599999672806e-05,template_field_rect_from_day6_ocr
FDA_3455_NCT04796896,FDA_3455,rotation_1_5deg,1,topmostSubform[0].Page1[0].nameofstudy[0],derived_from_actual_public_protocol_metadata,regex_only,CCI_STUDY_TITLE,True,False,FN,review,,False,0.0,False,0.0,,mMRNA-1273-P204: Phase 2/3 Pediatric Vaccine Study,0.8776127100000001,1.38599999672806e-05,template_field_rect_from_day6_ocr
FDA_3455_NCT04796896,FDA_3455,rotation_1_5deg,1,topmostSubform[0].Page1[0].nameofstudy[0],derived_from_actual_public_protocol_metadata,regex_only,PERSON,False,True,FP,,redact,False,0.8776127100000001,False,1.0,regex;ocr_coordinates,mMRNA-1273-P204: Phase 2/3 Pediatric Vaccine Study,0.8776127100000001,1.38599999672806e-05,template_field_rect_from_day6_ocr
FDA_3455_NCT04796896,FDA_3455,rotation_1_5deg,1,topmostSubform[0].Page1[0].nameofstudy[0],derived_from_actual_public_protocol_metadata,hybrid_policy,CCI_PROTOCOL_ID,True,True,TP,redact,redact,True,0.9706270504000001,False,1.0,regex;ocr_coordinates,mMRNA-1273-P204: Phase 2/3 Pediatric Vaccine Study,0.8776127100000001,8.612999977231084e-06,template_field_rect_from_day6_ocr
FDA_3455_NCT04796896,FDA_3455,rotation_1_5deg,1,topmostSubform[0].Page1[0].nameofstudy[0],derived_from_actual_public_protocol_metadata,hybrid_policy,CCI_STUDY_TITLE,True,True,TP,review,review,True,0.9657315588000001,False,1.0,field_semantics;ocr_coordinates,mMRNA-1273-P204: Phase 2/3 Pediatric Vaccine Study,0.8776127100000001,8.612999977231084e-06,template_field_rect_from_day6_ocr
FDA_3455_NCT04796896,FDA_3455,rotation_1_5deg,1,topmostSubform[0].Page1[0].nameofstudy2[0],derived_from_actual_public_protocol_metadata,regex_only,CCI_STUDY_TITLE,True,False,FN,review,,False,0.0,False,0.0,,Children 6 Months to Less Than 12 Years (NCT04796896),0.9546785888888888,1.030499993248668e-05,template_field_rect_from_day6_ocr
FDA_3455_NCT04796896,FDA_3455,rotation_1_5deg,1,topmostSubform[0].Page1[0].nameofstudy2[0],derived_from_actual_public_protocol_metadata,regex_only,PERSON,False,True,FP,,redact,False,0.9546785888888888,False,1.0,regex;ocr_coordinates,Children 6 Months to Less Than 12 Years (NCT04796896),0.9546785888888888,1.030499993248668e-05,template_field_rect_from_day6_ocr
FDA_3455_NCT04796896,FDA_3455,rotation_1_5deg,1,topmostSubform[0].Page1[0].nameofstudy2[0],derived_from_actual_public_protocol_metadata,hybrid_policy,CCI_STUDY_TITLE,True,True,TP,review,review,True,0.9873100048888889,False,1.0,field_semantics;ocr_coordinates,Children 6 Months to Less Than 12 Years (NCT04796896),0.9546785888888888,6.849999977021071e-06,template_field_rect_from_day6_ocr
FDA_3455_NCT04796896,FDA_3455,rotation_1_5deg,1,topmostSubform[0].Page1[0].appFirm[0],actual_public_protocol_metadata,regex_only,CCI_SPONSOR,True,False,FN,redact,,False,0.0,False,0.0,,"ModernalX, Inc.",0.7233280550000001,2.623999989737058e-06,template_field_rect_from_day6_ocr
FDA_3455_NCT04796896,FDA_3455,rotation_1_5deg,1,topmostSubform[0].Page1[0].appFirm[0],actual_public_protocol_metadata,hybrid_policy,CCI_SPONSOR,True,True,TP,redact,redact,True,0.9225318554,False,1.0,field_semantics;ocr_coordinates,"ModernalX, Inc.",0.7233280550000001,4.276000026948168e-06,template_field_rect_from_day6_ocr
FDA_3455_NCT04796896,FDA_3455,rotation_1_5deg,1,topmostSubform[0].Page1[0].appSigDate[0],actual_public_protocol_metadata,regex_only,DATE,True,True,TP,review,review,True,0.9659227,False,1.0,regex;ocr_coordinates,08/04/2022,0.9659227,5.218000069362461e-06,template_field_rect_from_day6_ocr
FDA_3455_NCT04796896,FDA_3455,rotation_1_5deg,1,topmostSubform[0].Page1[0].appSigDate[0],actual_public_protocol_metadata,hybrid_policy,DATE,True,True,TP,review,review,True,0.99,False,1.0,field_semantics;ocr_coordinates;regex,08/04/2022,0.9659227,7.160999984989758e-06,template_field_rect_from_day6_ocr
FDA_3455_NCT04796896,FDA_3455,gaussian_blur,1,topmostSubform[0].Page1[0].invesname[0],controlled_synthetic_test_value,regex_only,PERSON,True,True,TP,redact,redact,True,0.9627176933333333,False,1.0,regex;ocr_coordinates,"Omar Rahman, MD",0.9627176933333333,5.438000016511069e-06,template_field_rect_from_day6_ocr
FDA_3455_NCT04796896,FDA_3455,gaussian_blur,1,topmostSubform[0].Page1[0].invesname[0],controlled_synthetic_test_value,hybrid_policy,PERSON,True,True,TP,redact,redact,True,0.988815308,False,1.0,field_semantics;spacy_entity_ruler;ocr_coordinates,"Omar Rahman, MD",0.9627176933333333,5.150699996647745e-05,template_field_rect_from_day6_ocr
FDA_3455_NCT04796896,FDA_3455,gaussian_blur,1,topmostSubform[0].Page1[0].nameofstudy[0],derived_from_actual_public_protocol_metadata,regex_only,CCI_PROTOCOL_ID,True,True,TP,redact,redact,True,0.9575893666666668,False,1.0,regex;ocr_coordinates,mRNA-1273-P204: Phase 2/3 Pediatric Vaccine Study,0.9575893666666668,1.3109000065014698e-05,template_field_rect_from_day6_ocr
FDA_3455_NCT04796896,FDA_3455,gaussian_blur,1,topmostSubform[0].Page1[0].nameofstudy[0],derived_from_actual_public_protocol_metadata,regex_only,CCI_STUDY_TITLE,True,False,FN,review,,False,0.0,False,0.0,,mRNA-1273-P204: Phase 2/3 Pediatric Vaccine Study,0.9575893666666668,1.3109000065014698e-05,template_field_rect_from_day6_ocr
FDA_3455_NCT04796896,FDA_3455,gaussian_blur,1,topmostSubform[0].Page1[0].nameofstudy[0],derived_from_actual_public_protocol_metadata,regex_only,PERSON,False,True,FP,,redact,False,0.9575893666666668,False,1.0,regex;ocr_coordinates,mRNA-1273-P204: Phase 2/3 Pediatric Vaccine Study,0.9575893666666668,1.3109000065014698e-05,template_field_rect_from_day6_ocr
FDA_3455_NCT04796896,FDA_3455,gaussian_blur,1,topmostSubform[0].Page1[0].nameofstudy[0],derived_from_actual_public_protocol_metadata,hybrid_policy,CCI_PROTOCOL_ID,True,True,TP,redact,redact,True,0.989821448,False,1.0,regex;ocr_coordinates,mRNA-1273-P204: Phase 2/3 Pediatric Vaccine Study,0.9575893666666668,1.0274999908688187e-05,template_field_rect_from_day6_ocr
FDA_3455_NCT04796896,FDA_3455,gaussian_blur,1,topmostSubform[0].Page1[0].nameofstudy[0],derived_from_actual_public_protocol_metadata,hybrid_policy,CCI_STUDY_TITLE,True,True,TP,review,review,True,0.9881250226666667,False,1.0,field_semantics;ocr_coordinates,mRNA-1273-P204: Phase 2/3 Pediatric Vaccine Study,0.9575893666666668,1.0274999908688187e-05,template_field_rect_from_day6_ocr
FDA_3455_NCT04796896,FDA_3455,gaussian_blur,1,topmostSubform[0].Page1[0].nameofstudy2[0],derived_from_actual_public_protocol_metadata,regex_only,CCI_STUDY_TITLE,True,False,FN,review,,False,0.0,False,0.0,,Children 6 Months to Less Than 12 Years (NCT04796896),0.9531542711111111,9.674000011727912e-06,template_field_rect_from_day6_ocr
FDA_3455_NCT04796896,FDA_3455,gaussian_blur,1,topmostSubform[0].Page1[0].nameofstudy2[0],derived_from_actual_public_protocol_metadata,regex_only,PERSON,False,True,FP,,redact,False,0.9531542711111111,False,1.0,regex;ocr_coordinates,Children 6 Months to Less Than 12 Years (NCT04796896),0.9531542711111111,9.674000011727912e-06,template_field_rect_from_day6_ocr
FDA_3455_NCT04796896,FDA_3455,gaussian_blur,1,topmostSubform[0].Page1[0].nameofstudy2[0],derived_from_actual_public_protocol_metadata,hybrid_policy,CCI_STUDY_TITLE,True,True,TP,review,review,True,0.9868831959111111,False,1.0,field_semantics;ocr_coordinates,Children 6 Months to Less Than 12 Years (NCT04796896),0.9531542711111111,5.127999997966981e-06,template_field_rect_from_day6_ocr
FDA_3455_NCT04796896,FDA_3455,gaussian_blur,1,topmostSubform[0].Page1[0].appFirm[0],actual_public_protocol_metadata,regex_only,CCI_SPONSOR,True,False,FN,redact,,False,0.0,False,0.0,,"ModernaTX, Inc.",0.89126812,2.6639999077815446e-06,template_field_rect_from_day6_ocr
FDA_3455_NCT04796896,FDA_3455,gaussian_blur,1,topmostSubform[0].Page1[0].appFirm[0],actual_public_protocol_metadata,hybrid_policy,CCI_SPONSOR,True,True,TP,redact,redact,True,0.9695550736,False,1.0,field_semantics;ocr_coordinates,"ModernaTX, Inc.",0.89126812,4.146000037508202e-06,template_field_rect_from_day6_ocr
FDA_3455_NCT04796896,FDA_3455,gaussian_blur,1,topmostSubform[0].Page1[0].appSigDate[0],actual_public_protocol_metadata,regex_only,DATE,True,True,TP,review,review,True,0.96777565,False,1.0,regex;ocr_coordinates,08/04/2022,0.96777565,5.068000064056832e-06,template_field_rect_from_day6_ocr
FDA_3455_NCT04796896,FDA_3455,gaussian_blur,1,topmostSubform[0].Page1[0].appSigDate[0],actual_public_protocol_metadata,hybrid_policy,DATE,True,True,TP,review,review,True,0.99,False,1.0,field_semantics;ocr_coordinates;regex,08/04/2022,0.96777565,5.568000005951035e-06,template_field_rect_from_day6_ocr
FDA_3455_NCT04796896,FDA_3455,gaussian_noise,1,topmostSubform[0].Page1[0].invesname[0],controlled_synthetic_test_value,regex_only,PERSON,True,True,TP,redact,redact,True,0.9629533633333334,False,1.0,regex;ocr_coordinates,"Omar Rahman, MD",0.9629533633333334,5.11799999003415e-06,template_field_rect_from_day6_ocr
FDA_3455_NCT04796896,FDA_3455,gaussian_noise,1,topmostSubform[0].Page1[0].invesname[0],controlled_synthetic_test_value,hybrid_policy,PERSON,True,True,TP,redact,redact,True,0.988886009,False,1.0,field_semantics;spacy_entity_ruler;ocr_coordinates,"Omar Rahman, MD",0.9629533633333334,5.2016999916304485e-05,template_field_rect_from_day6_ocr
FDA_3455_NCT04796896,FDA_3455,gaussian_noise,1,topmostSubform[0].Page1[0].nameofstudy[0],derived_from_actual_public_protocol_metadata,regex_only,CCI_PROTOCOL_ID,True,True,TP,redact,redact,True,0.9118304433333332,False,1.0,regex;ocr_coordinates,mMRNA-1273-P204: Phase 2/3 Pediatric Vaccine Study,0.9118304433333332,1.3119000072947529e-05,template_field_rect_from_day6_ocr
FDA_3455_NCT04796896,FDA_3455,gaussian_noise,1,topmostSubform[0].Page1[0].nameofstudy[0],derived_from_actual_public_protocol_metadata,regex_only,CCI_STUDY_TITLE,True,False,FN,review,,False,0.0,False,0.0,,mMRNA-1273-P204: Phase 2/3 Pediatric Vaccine Study,0.9118304433333332,1.3119000072947529e-05,template_field_rect_from_day6_ocr
FDA_3455_NCT04796896,FDA_3455,gaussian_noise,1,topmostSubform[0].Page1[0].nameofstudy[0],derived_from_actual_public_protocol_metadata,regex_only,PERSON,False,True,FP,,redact,False,0.9118304433333332,False,1.0,regex;ocr_coordinates,mMRNA-1273-P204: Phase 2/3 Pediatric Vaccine Study,0.9118304433333332,1.3119000072947529e-05,template_field_rect_from_day6_ocr
FDA_3455_NCT04796896,FDA_3455,gaussian_noise,1,topmostSubform[0].Page1[0].nameofstudy[0],derived_from_actual_public_protocol_metadata,hybrid_policy,CCI_PROTOCOL_ID,True,True,TP,redact,redact,True,0.9788393063999999,False,1.0,regex;ocr_coordinates,mMRNA-1273-P204: Phase 2/3 Pediatric Vaccine Study,0.9118304433333332,8.131999948091106e-06,template_field_rect_from_day6_ocr
FDA_3455_NCT04796896,FDA_3455,gaussian_noise,1,topmostSubform[0].Page1[0].nameofstudy[0],derived_from_actual_public_protocol_metadata,hybrid_policy,CCI_STUDY_TITLE,True,True,TP,review,review,True,0.9753125241333334,False,1.0,field_semantics;ocr_coordinates,mMRNA-1273-P204: Phase 2/3 Pediatric Vaccine Study,0.9118304433333332,8.131999948091106e-06,template_field_rect_from_day6_ocr
FDA_3455_NCT04796896,FDA_3455,gaussian_noise,1,topmostSubform[0].Page1[0].nameofstudy2[0],derived_from_actual_public_protocol_metadata,regex_only,CCI_STUDY_TITLE,True,False,FN,review,,False,0.0,False,0.0,,Children 6 Months to Less Than 12 Years (NCT04796896),0.95633501,1.039500000388216e-05,template_field_rect_from_day6_ocr
FDA_3455_NCT04796896,FDA_3455,gaussian_noise,1,topmostSubform[0].Page1[0].nameofstudy2[0],derived_from_actual_public_protocol_metadata,regex_only,PERSON,False,True,FP,,redact,False,0.95633501,False,1.0,regex;ocr_coordinates,Children 6 Months to Less Than 12 Years (NCT04796896),0.95633501,1.039500000388216e-05,template_field_rect_from_day6_ocr
FDA_3455_NCT04796896,FDA_3455,gaussian_noise,1,topmostSubform[0].Page1[0].nameofstudy2[0],derived_from_actual_public_protocol_metadata,hybrid_policy,CCI_STUDY_TITLE,True,True,TP,review,review,True,0.9877738028,False,1.0,field_semantics;ocr_coordinates,Children 6 Months to Less Than 12 Years (NCT04796896),0.95633501,5.148000013832643e-06,template_field_rect_from_day6_ocr
FDA_3455_NCT04796896,FDA_3455,gaussian_noise,1,topmostSubform[0].Page1[0].appFirm[0],actual_public_protocol_metadata,regex_only,CCI_SPONSOR,True,False,FN,redact,,False,0.0,False,0.0,,"ModernalX, Inc.",0.6375299050000001,2.483999992364261e-06,template_field_rect_from_day6_ocr
FDA_3455_NCT04796896,FDA_3455,gaussian_noise,1,topmostSubform[0].Page1[0].appFirm[0],actual_public_protocol_metadata,hybrid_policy,CCI_SPONSOR,True,True,TP,redact,redact,True,0.8985083734,False,1.0,field_semantics;ocr_coordinates,"ModernalX, Inc.",0.6375299050000001,4.025999942314229e-06,template_field_rect_from_day6_ocr
FDA_3455_NCT04796896,FDA_3455,gaussian_noise,1,topmostSubform[0].Page1[0].appSigDate[0],actual_public_protocol_metadata,regex_only,DATE,True,True,TP,review,review,True,0.96730247,False,1.0,regex;ocr_coordinates,08/04/2022,0.96730247,6.2889999981052824e-06,template_field_rect_from_day6_ocr
FDA_3455_NCT04796896,FDA_3455,gaussian_noise,1,topmostSubform[0].Page1[0].appSigDate[0],actual_public_protocol_metadata,hybrid_policy,DATE,True,True,TP,review,review,True,0.99,False,1.0,field_semantics;ocr_coordinates;regex,08/04/2022,0.96730247,5.579000003308465e-06,template_field_rect_from_day6_ocr
FDA_3455_NCT04796896,FDA_3455,low_contrast,1,topmostSubform[0].Page1[0].invesname[0],controlled_synthetic_test_value,regex_only,PERSON,True,True,TP,redact,redact,True,0.9629863233333331,False,1.0,regex;ocr_coordinates,"Omar Rahman, MD",0.9629863233333331,5.237999971541285e-06,template_field_rect_from_day6_ocr
FDA_3455_NCT04796896,FDA_3455,low_contrast,1,topmostSubform[0].Page1[0].invesname[0],controlled_synthetic_test_value,hybrid_policy,PERSON,True,True,TP,redact,redact,True,0.9888958969999999,False,1.0,field_semantics;spacy_entity_ruler;ocr_coordinates,"Omar Rahman, MD",0.9629863233333331,0.0002624910000577074,template_field_rect_from_day6_ocr
FDA_3455_NCT04796896,FDA_3455,low_contrast,1,topmostSubform[0].Page1[0].nameofstudy[0],derived_from_actual_public_protocol_metadata,regex_only,CCI_PROTOCOL_ID,True,True,TP,redact,redact,True,0.89778368,False,1.0,regex;ocr_coordinates,mMRNA-1273-P204: Phase 2/3 Pediatric Vaccine Study,0.89778368,1.6694999999344873e-05,template_field_rect_from_day6_ocr
FDA_3455_NCT04796896,FDA_3455,low_contrast,1,topmostSubform[0].Page1[0].nameofstudy[0],derived_from_actual_public_protocol_metadata,regex_only,CCI_STUDY_TITLE,True,False,FN,review,,False,0.0,False,0.0,,mMRNA-1273-P204: Phase 2/3 Pediatric Vaccine Study,0.89778368,1.6694999999344873e-05,template_field_rect_from_day6_ocr
FDA_3455_NCT04796896,FDA_3455,low_contrast,1,topmostSubform[0].Page1[0].nameofstudy[0],derived_from_actual_public_protocol_metadata,regex_only,PERSON,False,True,FP,,redact,False,0.89778368,False,1.0,regex;ocr_coordinates,mMRNA-1273-P204: Phase 2/3 Pediatric Vaccine Study,0.89778368,1.6694999999344873e-05,template_field_rect_from_day6_ocr
FDA_3455_NCT04796896,FDA_3455,low_contrast,1,topmostSubform[0].Page1[0].nameofstudy[0],derived_from_actual_public_protocol_metadata,hybrid_policy,CCI_PROTOCOL_ID,True,True,TP,redact,redact,True,0.9754680832,False,1.0,regex;ocr_coordinates,mMRNA-1273-P204: Phase 2/3 Pediatric Vaccine Study,0.89778368,9.99500002762943e-06,template_field_rect_from_day6_ocr
FDA_3455_NCT04796896,FDA_3455,low_contrast,1,topmostSubform[0].Page1[0].nameofstudy[0],derived_from_actual_public_protocol_metadata,hybrid_policy,CCI_STUDY_TITLE,True,True,TP,review,review,True,0.9713794304,False,1.0,field_semantics;ocr_coordinates,mMRNA-1273-P204: Phase 2/3 Pediatric Vaccine Study,0.89778368,9.99500002762943e-06,template_field_rect_from_day6_ocr
FDA_3455_NCT04796896,FDA_3455,low_contrast,1,topmostSubform[0].Page1[0].nameofstudy2[0],derived_from_actual_public_protocol_metadata,regex_only,CCI_STUDY_TITLE,True,False,FN,review,,False,0.0,False,0.0,,Children 6 Months to Less Than 12 Years (NCT04796896),0.9524259355555555,1.1696999990817858e-05,template_field_rect_from_day6_ocr
FDA_3455_NCT04796896,FDA_3455,low_contrast,1,topmostSubform[0].Page1[0].nameofstudy2[0],derived_from_actual_public_protocol_metadata,regex_only,PERSON,False,True,FP,,redact,False,0.9524259355555555,False,1.0,regex;ocr_coordinates,Children 6 Months to Less Than 12 Years (NCT04796896),0.9524259355555555,1.1696999990817858e-05,template_field_rect_from_day6_ocr
FDA_3455_NCT04796896,FDA_3455,low_contrast,1,topmostSubform[0].Page1[0].nameofstudy2[0],derived_from_actual_public_protocol_metadata,hybrid_policy,CCI_STUDY_TITLE,True,True,TP,review,review,True,0.9866792619555556,False,1.0,field_semantics;ocr_coordinates,Children 6 Months to Less Than 12 Years (NCT04796896),0.9524259355555555,5.68799998745817e-06,template_field_rect_from_day6_ocr
FDA_3455_NCT04796896,FDA_3455,low_contrast,1,topmostSubform[0].Page1[0].appFirm[0],actual_public_protocol_metadata,regex_only,CCI_SPONSOR,True,False,FN,redact,,False,0.0,False,0.0,,"ModernaTX, Inc.",0.6346149799999999,3.2450000162498327e-06,template_field_rect_from_day6_ocr
FDA_3455_NCT04796896,FDA_3455,low_contrast,1,topmostSubform[0].Page1[0].appFirm[0],actual_public_protocol_metadata,hybrid_policy,CCI_SPONSOR,True,True,TP,redact,redact,True,0.8976921944,False,1.0,field_semantics;ocr_coordinates,"ModernaTX, Inc.",0.6346149799999999,4.426000032253796e-06,template_field_rect_from_day6_ocr
FDA_3455_NCT04796896,FDA_3455,low_contrast,1,topmostSubform[0].Page1[0].appSigDate[0],actual_public_protocol_metadata,regex_only,DATE,True,True,TP,review,review,True,0.9622348,False,1.0,regex;ocr_coordinates,08/04/2022,0.9622348,6.039000027158181e-06,template_field_rect_from_day6_ocr
FDA_3455_NCT04796896,FDA_3455,low_contrast,1,topmostSubform[0].Page1[0].appSigDate[0],actual_public_protocol_metadata,hybrid_policy,DATE,True,True,TP,review,review,True,0.989425744,False,1.0,field_semantics;ocr_coordinates;regex,08/04/2022,0.9622348,6.259000087993627e-06,template_field_rect_from_day6_ocr
FDA_3455_NCT04796896,FDA_3455,directional_shadow,1,topmostSubform[0].Page1[0].invesname[0],controlled_synthetic_test_value,regex_only,PERSON,True,True,TP,redact,redact,True,0.9645124566666664,False,1.0,regex;ocr_coordinates,"Omar Rahman, MD",0.9645124566666664,5.937999958405271e-06,template_field_rect_from_day6_ocr
FDA_3455_NCT04796896,FDA_3455,directional_shadow,1,topmostSubform[0].Page1[0].invesname[0],controlled_synthetic_test_value,hybrid_policy,PERSON,True,True,TP,redact,redact,True,0.9893537369999998,False,1.0,field_semantics;spacy_entity_ruler;ocr_coordinates,"Omar Rahman, MD",0.9645124566666664,6.551799992848828e-05,template_field_rect_from_day6_ocr
FDA_3455_NCT04796896,FDA_3455,directional_shadow,1,topmostSubform[0].Page1[0].nameofstudy[0],derived_from_actual_public_protocol_metadata,regex_only,CCI_PROTOCOL_ID,True,True,TP,redact,redact,True,0.9454929633333332,False,1.0,regex;ocr_coordinates,mRNA-1273-P204: Phase 2/3 Pediatric Vaccine Study,0.9454929633333332,1.354000005449052e-05,template_field_rect_from_day6_ocr
FDA_3455_NCT04796896,FDA_3455,directional_shadow,1,topmostSubform[0].Page1[0].nameofstudy[0],derived_from_actual_public_protocol_metadata,regex_only,CCI_STUDY_TITLE,True,False,FN,review,,False,0.0,False,0.0,,mRNA-1273-P204: Phase 2/3 Pediatric Vaccine Study,0.9454929633333332,1.354000005449052e-05,template_field_rect_from_day6_ocr
FDA_3455_NCT04796896,FDA_3455,directional_shadow,1,topmostSubform[0].Page1[0].nameofstudy[0],derived_from_actual_public_protocol_metadata,regex_only,PERSON,False,True,FP,,redact,False,0.9454929633333332,False,1.0,regex;ocr_coordinates,mRNA-1273-P204: Phase 2/3 Pediatric Vaccine Study,0.9454929633333332,1.354000005449052e-05,template_field_rect_from_day6_ocr
FDA_3455_NCT04796896,FDA_3455,directional_shadow,1,topmostSubform[0].Page1[0].nameofstudy[0],derived_from_actual_public_protocol_metadata,hybrid_policy,CCI_PROTOCOL_ID,True,True,TP,redact,redact,True,0.9869183112,False,1.0,regex;ocr_coordinates,mRNA-1273-P204: Phase 2/3 Pediatric Vaccine Study,0.9454929633333332,8.632999993096746e-06,template_field_rect_from_day6_ocr
FDA_3455_NCT04796896,FDA_3455,directional_shadow,1,topmostSubform[0].Page1[0].nameofstudy[0],derived_from_actual_public_protocol_metadata,hybrid_policy,CCI_STUDY_TITLE,True,True,TP,review,review,True,0.9847380297333332,False,1.0,field_semantics;ocr_coordinates,mRNA-1273-P204: Phase 2/3 Pediatric Vaccine Study,0.9454929633333332,8.632999993096746e-06,template_field_rect_from_day6_ocr
FDA_3455_NCT04796896,FDA_3455,directional_shadow,1,topmostSubform[0].Page1[0].nameofstudy2[0],derived_from_actual_public_protocol_metadata,regex_only,CCI_STUDY_TITLE,True,False,FN,review,,False,0.0,False,0.0,,Children 6 Months to Less Than 12 Years (NCT04796896),0.9510419644444444,1.1036999921998358e-05,template_field_rect_from_day6_ocr
FDA_3455_NCT04796896,FDA_3455,directional_shadow,1,topmostSubform[0].Page1[0].nameofstudy2[0],derived_from_actual_public_protocol_metadata,regex_only,PERSON,False,True,FP,,redact,False,0.9510419644444444,False,1.0,regex;ocr_coordinates,Children 6 Months to Less Than 12 Years (NCT04796896),0.9510419644444444,1.1036999921998358e-05,template_field_rect_from_day6_ocr
FDA_3455_NCT04796896,FDA_3455,directional_shadow,1,topmostSubform[0].Page1[0].nameofstudy2[0],derived_from_actual_public_protocol_metadata,hybrid_policy,CCI_STUDY_TITLE,True,True,TP,review,review,True,0.9862917500444444,False,1.0,field_semantics;ocr_coordinates,Children 6 Months to Less Than 12 Years (NCT04796896),0.9510419644444444,5.428000008578238e-06,template_field_rect_from_day6_ocr
FDA_3455_NCT04796896,FDA_3455,directional_shadow,1,topmostSubform[0].Page1[0].appFirm[0],actual_public_protocol_metadata,regex_only,CCI_SPONSOR,True,False,FN,redact,,False,0.0,False,0.0,,,0.0,2.322999989701202e-06,template_field_rect_from_day6_ocr
FDA_3455_NCT04796896,FDA_3455,directional_shadow,1,topmostSubform[0].Page1[0].appFirm[0],actual_public_protocol_metadata,hybrid_policy,CCI_SPONSOR,True,True,TP,redact,review,False,0.4,True,1.0,field_semantics;ocr_empty_fail_safe,,0.0,4.306000050746661e-06,template_field_rect_from_day6_ocr
FDA_3455_NCT04796896,FDA_3455,directional_shadow,1,topmostSubform[0].Page1[0].appSigDate[0],actual_public_protocol_metadata,regex_only,DATE,True,True,TP,review,review,True,0.9617152400000001,False,1.0,regex;ocr_coordinates,08/04/2022,0.9617152400000001,5.9489999557627016e-06,template_field_rect_from_day6_ocr
FDA_3455_NCT04796896,FDA_3455,directional_shadow,1,topmostSubform[0].Page1[0].appSigDate[0],actual_public_protocol_metadata,hybrid_policy,DATE,True,True,TP,review,review,True,0.9892802672000001,False,1.0,field_semantics;ocr_coordinates;regex,08/04/2022,0.9617152400000001,6.3090000139709446e-06,template_field_rect_from_day6_ocr
FDA_3455_NCT04796896,FDA_3455,jpeg_compression,1,topmostSubform[0].Page1[0].invesname[0],controlled_synthetic_test_value,regex_only,PERSON,True,True,TP,redact,redact,True,0.9620526633333332,False,1.0,regex;ocr_coordinates,"Omar Rahman, MD",0.9620526633333332,5.458000032376731e-06,template_field_rect_from_day6_ocr
FDA_3455_NCT04796896,FDA_3455,jpeg_compression,1,topmostSubform[0].Page1[0].invesname[0],controlled_synthetic_test_value,hybrid_policy,PERSON,True,True,TP,redact,redact,True,0.988615799,False,1.0,field_semantics;spacy_entity_ruler;ocr_coordinates,"Omar Rahman, MD",0.9620526633333332,5.6543999903624353e-05,template_field_rect_from_day6_ocr
FDA_3455_NCT04796896,FDA_3455,jpeg_compression,1,topmostSubform[0].Page1[0].nameofstudy[0],derived_from_actual_public_protocol_metadata,regex_only,CCI_PROTOCOL_ID,True,True,TP,redact,redact,True,0.84651104,False,1.0,regex;ocr_coordinates,mMRNA-1273-P204: Phase 2/3 Pediatric Vaccine Study,0.84651104,1.2728000001516193e-05,template_field_rect_from_day6_ocr
FDA_3455_NCT04796896,FDA_3455,jpeg_compression,1,topmostSubform[0].Page1[0].nameofstudy[0],derived_from_actual_public_protocol_metadata,regex_only,CCI_STUDY_TITLE,True,False,FN,review,,False,0.0,False,0.0,,mMRNA-1273-P204: Phase 2/3 Pediatric Vaccine Study,0.84651104,1.2728000001516193e-05,template_field_rect_from_day6_ocr
FDA_3455_NCT04796896,FDA_3455,jpeg_compression,1,topmostSubform[0].Page1[0].nameofstudy[0],derived_from_actual_public_protocol_metadata,regex_only,PERSON,False,True,FP,,redact,False,0.84651104,False,1.0,regex;ocr_coordinates,mMRNA-1273-P204: Phase 2/3 Pediatric Vaccine Study,0.84651104,1.2728000001516193e-05,template_field_rect_from_day6_ocr
FDA_3455_NCT04796896,FDA_3455,jpeg_compression,1,topmostSubform[0].Page1[0].nameofstudy[0],derived_from_actual_public_protocol_metadata,hybrid_policy,CCI_PROTOCOL_ID,True,True,TP,redact,redact,True,0.9631626496,False,1.0,regex;ocr_coordinates,mMRNA-1273-P204: Phase 2/3 Pediatric Vaccine Study,0.84651104,8.802999900581199e-06,template_field_rect_from_day6_ocr
FDA_3455_NCT04796896,FDA_3455,jpeg_compression,1,topmostSubform[0].Page1[0].nameofstudy[0],derived_from_actual_public_protocol_metadata,hybrid_policy,CCI_STUDY_TITLE,True,True,TP,review,review,True,0.9570230912,False,1.0,field_semantics;ocr_coordinates,mMRNA-1273-P204: Phase 2/3 Pediatric Vaccine Study,0.84651104,8.802999900581199e-06,template_field_rect_from_day6_ocr
FDA_3455_NCT04796896,FDA_3455,jpeg_compression,1,topmostSubform[0].Page1[0].nameofstudy2[0],derived_from_actual_public_protocol_metadata,regex_only,CCI_STUDY_TITLE,True,False,FN,review,,False,0.0,False,0.0,,Children 6 Months to Less Than 12 Years (NCT04796896),0.9543750844444445,1.0255000006509363e-05,template_field_rect_from_day6_ocr
FDA_3455_NCT04796896,FDA_3455,jpeg_compression,1,topmostSubform[0].Page1[0].nameofstudy2[0],derived_from_actual_public_protocol_metadata,regex_only,PERSON,False,True,FP,,redact,False,0.9543750844444445,False,1.0,regex;ocr_coordinates,Children 6 Months to Less Than 12 Years (NCT04796896),0.9543750844444445,1.0255000006509363e-05,template_field_rect_from_day6_ocr
FDA_3455_NCT04796896,FDA_3455,jpeg_compression,1,topmostSubform[0].Page1[0].nameofstudy2[0],derived_from_actual_public_protocol_metadata,hybrid_policy,CCI_STUDY_TITLE,True,True,TP,review,review,True,0.9872250236444444,False,1.0,field_semantics;ocr_coordinates,Children 6 Months to Less Than 12 Years (NCT04796896),0.9543750844444445,5.367999960981251e-06,template_field_rect_from_day6_ocr
FDA_3455_NCT04796896,FDA_3455,jpeg_compression,1,topmostSubform[0].Page1[0].appFirm[0],actual_public_protocol_metadata,regex_only,CCI_SPONSOR,True,False,FN,redact,,False,0.0,False,0.0,,"ModernaTX, Inc.",0.725751705,2.744000084931031e-06,template_field_rect_from_day6_ocr
FDA_3455_NCT04796896,FDA_3455,jpeg_compression,1,topmostSubform[0].Page1[0].appFirm[0],actual_public_protocol_metadata,hybrid_policy,CCI_SPONSOR,True,True,TP,redact,redact,True,0.9232104774,False,1.0,field_semantics;ocr_coordinates,"ModernaTX, Inc.",0.725751705,7.310999990295386e-06,template_field_rect_from_day6_ocr
FDA_3455_NCT04796896,FDA_3455,jpeg_compression,1,topmostSubform[0].Page1[0].appSigDate[0],actual_public_protocol_metadata,regex_only,DATE,True,True,TP,review,review,True,0.96395149,False,1.0,regex;ocr_coordinates,08/04/2022,0.96395149,5.138000005899812e-06,template_field_rect_from_day6_ocr
FDA_3455_NCT04796896,FDA_3455,jpeg_compression,1,topmostSubform[0].Page1[0].appSigDate[0],actual_public_protocol_metadata,hybrid_policy,DATE,True,True,TP,review,review,True,0.9899064172,False,1.0,field_semantics;ocr_coordinates;regex,08/04/2022,0.96395149,5.808999958389904e-06,template_field_rect_from_day6_ocr
FDA_3455_NCT04796896,FDA_3455,combined_moderate,1,topmostSubform[0].Page1[0].invesname[0],controlled_synthetic_test_value,regex_only,PERSON,True,True,TP,redact,redact,True,0.9633545933333332,False,1.0,regex;ocr_coordinates,"Omar Rahman, MD",0.9633545933333332,5.677999979525339e-06,template_field_rect_from_day6_ocr
FDA_3455_NCT04796896,FDA_3455,combined_moderate,1,topmostSubform[0].Page1[0].invesname[0],controlled_synthetic_test_value,hybrid_policy,PERSON,True,True,TP,redact,redact,True,0.9890063779999999,False,1.0,field_semantics;spacy_entity_ruler;ocr_coordinates,"Omar Rahman, MD",0.9633545933333332,5.823699996199139e-05,template_field_rect_from_day6_ocr
FDA_3455_NCT04796896,FDA_3455,combined_moderate,1,topmostSubform[0].Page1[0].nameofstudy[0],derived_from_actual_public_protocol_metadata,regex_only,CCI_PROTOCOL_ID,True,True,TP,redact,redact,True,0.94411372,False,1.0,regex;ocr_coordinates,mRNA-1273-P204: Phase 2/3 Pediatric Vaccine Study,0.94411372,1.3069000033283373e-05,template_field_rect_from_day6_ocr
FDA_3455_NCT04796896,FDA_3455,combined_moderate,1,topmostSubform[0].Page1[0].nameofstudy[0],derived_from_actual_public_protocol_metadata,regex_only,CCI_STUDY_TITLE,True,False,FN,review,,False,0.0,False,0.0,,mRNA-1273-P204: Phase 2/3 Pediatric Vaccine Study,0.94411372,1.3069000033283373e-05,template_field_rect_from_day6_ocr
FDA_3455_NCT04796896,FDA_3455,combined_moderate,1,topmostSubform[0].Page1[0].nameofstudy[0],derived_from_actual_public_protocol_metadata,regex_only,PERSON,False,True,FP,,redact,False,0.94411372,False,1.0,regex;ocr_coordinates,mRNA-1273-P204: Phase 2/3 Pediatric Vaccine Study,0.94411372,1.3069000033283373e-05,template_field_rect_from_day6_ocr
FDA_3455_NCT04796896,FDA_3455,combined_moderate,1,topmostSubform[0].Page1[0].nameofstudy[0],derived_from_actual_public_protocol_metadata,hybrid_policy,CCI_PROTOCOL_ID,True,True,TP,redact,redact,True,0.9865872928,False,1.0,regex;ocr_coordinates,mRNA-1273-P204: Phase 2/3 Pediatric Vaccine Study,0.94411372,1.384999995934777e-05,template_field_rect_from_day6_ocr
FDA_3455_NCT04796896,FDA_3455,combined_moderate,1,topmostSubform[0].Page1[0].nameofstudy[0],derived_from_actual_public_protocol_metadata,hybrid_policy,CCI_STUDY_TITLE,True,True,TP,review,review,True,0.9843518416,False,1.0,field_semantics;ocr_coordinates,mRNA-1273-P204: Phase 2/3 Pediatric Vaccine Study,0.94411372,1.384999995934777e-05,template_field_rect_from_day6_ocr
FDA_3455_NCT04796896,FDA_3455,combined_moderate,1,topmostSubform[0].Page1[0].nameofstudy2[0],derived_from_actual_public_protocol_metadata,regex_only,CCI_STUDY_TITLE,True,False,FN,review,,False,0.0,False,0.0,,Children 6 Months to. Less Than 12 Years (NCT04796896),0.8582932622222222,1.0244999998576532e-05,template_field_rect_from_day6_ocr
FDA_3455_NCT04796896,FDA_3455,combined_moderate,1,topmostSubform[0].Page1[0].nameofstudy2[0],derived_from_actual_public_protocol_metadata,regex_only,PERSON,False,True,FP,,redact,False,0.8582932622222222,False,1.0,regex;ocr_coordinates,Children 6 Months to. Less Than 12 Years (NCT04796896),0.8582932622222222,1.0244999998576532e-05,template_field_rect_from_day6_ocr
FDA_3455_NCT04796896,FDA_3455,combined_moderate,1,topmostSubform[0].Page1[0].nameofstudy2[0],derived_from_actual_public_protocol_metadata,hybrid_policy,CCI_STUDY_TITLE,True,True,TP,review,review,True,0.9603221134222222,False,1.0,field_semantics;ocr_coordinates,Children 6 Months to. Less Than 12 Years (NCT04796896),0.8582932622222222,5.367999960981251e-06,template_field_rect_from_day6_ocr
FDA_3455_NCT04796896,FDA_3455,combined_moderate,1,topmostSubform[0].Page1[0].appFirm[0],actual_public_protocol_metadata,regex_only,CCI_SPONSOR,True,False,FN,redact,,False,0.0,False,0.0,,"* : : 7) i 5 BY SPS = 5 aa CAPS EAS Vani oe ey Py, :
> ""X. Inc : La ‘ 3S... Pye eo ea eee ene eM tr :y ae a ens PN le pees = .
INC. y Pipsa ee ere. sf So rm fs v4 ls WP) ee tno Ofte Te =a - —"" A »*
we 2 RAP Sites. ie SAB es SODAS WR 7 Bee Saale rae fa} , + Ve : !",0.2834986538271605,5.557300005420984e-05,template_field_rect_from_day6_ocr
FDA_3455_NCT04796896,FDA_3455,combined_moderate,1,topmostSubform[0].Page1[0].appFirm[0],actual_public_protocol_metadata,regex_only,PERSON,False,True,FP,,review,False,0.55,True,1.0,regex;ocr_coordinates,"* : : 7) i 5 BY SPS = 5 aa CAPS EAS Vani oe ey Py, :
> ""X. Inc : La ‘ 3S... Pye eo ea eee ene eM tr :y ae a ens PN le pees = .
INC. y Pipsa ee ere. sf So rm fs v4 ls WP) ee tno Ofte Te =a - —"" A »*
we 2 RAP Sites. ie SAB es SODAS WR 7 Bee Saale rae fa} , + Ve : !",0.2834986538271605,5.557300005420984e-05,template_field_rect_from_day6_ocr
FDA_3455_NCT04796896,FDA_3455,combined_moderate,1,topmostSubform[0].Page1[0].appFirm[0],actual_public_protocol_metadata,hybrid_policy,CCI_SPONSOR,True,True,TP,redact,review,False,0.7993796230716049,True,1.0,field_semantics;ocr_coordinates,"* : : 7) i 5 BY SPS = 5 aa CAPS EAS Vani oe ey Py, :
> ""X. Inc : La ‘ 3S... Pye eo ea eee ene eM tr :y ae a ens PN le pees = .
INC. y Pipsa ee ere. sf So rm fs v4 ls WP) ee tno Ofte Te =a - —"" A »*
we 2 RAP Sites. ie SAB es SODAS WR 7 Bee Saale rae fa} , + Ve : !",0.2834986538271605,1.2528999945971009e-05,template_field_rect_from_day6_ocr
FDA_3455_NCT04796896,FDA_3455,combined_moderate,1,topmostSubform[0].Page1[0].appSigDate[0],actual_public_protocol_metadata,regex_only,DATE,True,True,TP,review,review,True,0.9664350899999999,False,1.0,regex;ocr_coordinates,08/04/2022,0.9664350899999999,6.860999974378501e-06,template_field_rect_from_day6_ocr
FDA_3455_NCT04796896,FDA_3455,combined_moderate,1,topmostSubform[0].Page1[0].appSigDate[0],actual_public_protocol_metadata,hybrid_policy,DATE,True,True,TP,review,review,True,0.99,False,1.0,field_semantics;ocr_coordinates;regex,08/04/2022,0.9664350899999999,6.740000003446767e-06,template_field_rect_from_day6_ocr
